names,total_price,price_per_meter,area,rooms_number,build_year,building_type,equipment,heating_system,avg_heating_price,Avg,Average_crimes,District
"Taikos pr., 2 rooms flat for rent",450.0,8.6,52.18,2,1987.0,Brick,Fully equipped,Central,nan,23,4.5, Dainava
"Veiverių g., 1 room flat for rent",340.0,8.5,40.0,1,1990.0,Brick,Fully equipped,"Electric, solid fuel",nan,23,2.0, Aleksotas
"Nemuno g., 2 rooms flat for rent",590.0,10.0,59.0,2,1940.0,Brick,Fully equipped,"Electric, gas",nan,23,11.3, Senamiestis
"Laisvės al., 2 rooms flat for rent",550.0,12.2,45.0,2,1900.0,Brick,Fully equipped,Central,28.35,23,24.7, Centras
"Kęstučio g., 1 room flat for rent",240.0,15.0,16.0,1,1959.0,Brick,Fully equipped,Central,11.36,23,27.2, Centras
"Kęstučio g., 4 rooms flat for rent",850.0,10.9,78.0,4,1943.0,Brick,Fully equipped,Gas,32.76,23,22.0, Centras
"J. Bakanausko g., 2 rooms flat for rent",650.0,12.0,54.0,2,2023.0,Brick,Fully equipped,"Electric, gas, solid fuel, sun energy",nan,23,0.8, Freda
"Kalniečių g., 1 room flat for rent",280.0,9.7,29.0,1,1986.0,Brick,Fully equipped,Central,34.80,23,3.8, Žaliakalnis
"Kęstučio g., 3 rooms flat for rent",898.0,12.8,70.0,3,,Brick,Fully equipped,Gas,nan,23,26.6, Centras
"Žuvinto g., 2 rooms flat for rent",690.0,11.5,60.0,2,2008.0,Brick,Fully equipped,Central thermostat,36.00,23,2.8, Žaliakalnis
"Kranto 7-oji g., 2 rooms flat for rent",650.0,17.1,38.0,2,2022.0,Monolithic,Fully equipped,Gas,nan,23,5.0, Žemieji Šančiai
"Molėtų g., 1 room flat for rent",320.0,7.0,46.0,1,,Brick,Fully equipped,Gas,nan,23,5.6, Žaliakalnis
"M. Daukšos g., 3 rooms flat for rent",360.0,6.1,59.22,3,1956.0,Block house,Fully equipped,"Central, liquid",87.65,23,16.3, Senamiestis
"Partizanų g., 1 room flat for rent",300.0,9.7,31.0,1,1968.0,Block house,Fully equipped,Central,nan,23,14.1, Dainava
"P. Vileišio g., 2 rooms flat for rent",490.0,9.6,51.0,2,1970.0,Brick,Fully equipped,Central,48.45,23,9.7, Žaliakalnis
"Šarkuvos g., 1 room flat for rent",450.0,11.3,40.0,1,1988.0,Block house,Fully equipped,Central,45.20,23,11.2, Šilainiai
"V. Landsbergio-Žemkalnio g., 1 room flat for rent",420.0,10.8,39.0,1,1999.0,Brick,Fully equipped,Central,44.85,23,12.0, Kalniečiai
"A. Mackevičiaus g., 2 rooms flat for rent",298.0,9.3,32.0,2,1939.0,Carcass house,Fully equipped,Gas,nan,23,14.6, Senamiestis
"V. Krėvės pr., 1 room flat for rent",450.0,13.2,34.0,1,1987.0,Block house,Fully equipped,Central,35.70,23,19.8, Dainava
"Pramonės pr., 1 room flat for rent",330.0,18.3,18.0,1,1970.0,Block house,Fully equipped,Central,8.28,23,23.0, Dainava
"Kalniečių g., 2 rooms flat for rent",890.0,11.9,75.0,2,,Brick,Fully equipped,"Gas, other",nan,23,3.2, Žaliakalnis
"Kovo 11-osios g., 2 rooms flat for rent",530.0,12.0,44.0,2,1980.0,Block house,Fully equipped,Central,32.56,23,19.0, Dainava
"Maironio g., 2 rooms flat for rent",850.0,14.2,60.0,2,1941.0,Brick,Fully equipped,Central,94.80,23,19.3, Centras
"Jonavos g., 3 rooms flat for rent",1100.0,14.9,74.0,3,,Other,Fully equipped,Gas,nan,23,9.6, Senamiestis
"Šiaurės pr., 3 rooms flat for rent",599.0,9.2,65.0,3,1980.0,Block house,Fully equipped,Central,54.60,23,14.4, Eiguliai
"Chemijos g., 1 room flat for rent",270.0,14.2,19.0,1,1980.0,Brick,Fully equipped,Central,22.23,23,15.6, Dainava
"Miško g., 2 rooms flat for rent",630.0,15.0,42.0,2,,Brick,Fully equipped,Central thermostat,27.72,23,34.0, Centras
"Gedimino g., 2 rooms flat for rent",1200.0,12.5,96.34,2,2017.0,Brick,Fully equipped,Central thermostat,nan,23,14.2, Centras
"V. Krėvės pr., 2 rooms flat for rent",380.0,8.1,47.16,2,1974.0,Block house,Partially equipped,Central,41.50,23,9.7, Dainava
"L. Sapiegos g., 2 rooms flat for rent",580.0,10.5,55.0,2,1949.0,Brick,Fully equipped,Central,79.20,23,20.8, Centras
"V. Krėvės pr., 1 room flat for rent",430.0,13.9,31.0,1,1970.0,Block house,Fully equipped,Central,26.97,23,9.2, Žaliakalnis
"H. ir O. Minkovskių g., 3 rooms flat for rent",800.0,16.0,50.0,3,2023.0,Monolithic,Fully equipped,Central,21.00,23,1.0, Aleksotas
"Baltijos g., 3 rooms flat for rent",600.0,8.1,74.0,3,1990.0,Block house,Fully equipped,Central,75.48,23,10.5, Šilainiai
"Vydūno al., 2 rooms flat for rent",450.0,11.3,40.0,2,2008.0,Brick,Fully equipped,Gas,nan,23,1.7, Žaliakalnis
"Šarkuvos g., 2 rooms flat for rent",500.0,12.8,39.0,2,1988.0,Brick,Fully equipped,Central thermostat,nan,23,11.6, Šilainiai
"Spaustuvininkų g., 2 rooms flat for rent",619.0,15.1,41.0,2,,Brick,Fully equipped,Central thermostat,36.08,23,25.5, Centras
"Vievio g., Room rent",170.0,12.1,14.0,1,1984.0,Log house,Fully equipped,Gas,nan,23,9.5, Aukštieji Šančiai
"Draugystės g., 2 rooms flat for rent",490.0,9.8,50.0,2,1985.0,Brick,Fully equipped,Central,61.00,23,14.4, Dainava
"Žemalės g., 1 room flat for rent",350.0,12.1,29.0,1,1997.0,Brick,Fully equipped,Electric,nan,23,2.9, Šilainiai
"Kovo 11-osios g., 2 rooms flat for rent",490.0,10.9,45.0,2,1978.0,Block house,Fully equipped,Central,45.90,23,11.4, Dainava
"A. Juozapavičiaus pr., 2 rooms flat for rent",1000.0,15.9,63.0,2,2023.0,Block house,Fully equipped,Central thermostat,39.69,23,2.5, Aukštieji Šančiai
"A. Mackevičiaus g., 2 rooms flat for rent",450.0,15.0,30.0,2,1916.0,Log house,Fully equipped,Gas,nan,23,16.1, Senamiestis
"I. Kanto g., 2 rooms flat for rent",3000.0,33.0,91.0,2,2008.0,Monolithic,Fully equipped,"Electric, central thermostat, aerothermal, sun energy",56.42,23,19.9, Centras
"S. Žukausko g., 3 rooms flat for rent",700.0,10.0,70.0,3,2018.0,Brick,Fully equipped,Central thermostat,30.10,23,8.9, Kalniečiai
"Pabiržės g., 2 rooms flat for rent",650.0,14.1,46.0,2,2025.0,Brick,Fully equipped,Central thermostat,nan,23,2.1, Aukštieji Šančiai
"Savanorių pr., 1 room flat for rent",560.0,26.7,21.0,1,,Brick,Fully equipped,Central thermostat,7.35,23,17.9, Žaliakalnis
"Pienių g., 2 rooms flat for rent",560.0,16.5,34.0,2,,Brick,Fully equipped,Gas,nan,23,2.2, Šilainiai
"Biržiškų g., 2 rooms flat for rent",595.0,14.6,40.8,2,2011.0,Brick,Fully equipped,Central thermostat,19.99,23,9.1, Gričiupis
"Pramonės pr., 1 room flat for rent",450.0,14.1,32.0,1,1980.0,Block house,Fully equipped,Central,25.60,23,10.1, Dainava
"Garažų g., 1 room flat for rent",490.0,18.1,27.0,1,2024.0,Brick,Fully equipped,Central thermostat,8.64,23,4.1, Dainava
"Verkių g., 2 rooms flat for rent",450.0,9.0,50.13,2,1990.0,Brick,Fully equipped,Central,62.16,23,6.7, Aukštieji Šančiai
"Baltijos g., 2 rooms flat for rent",550.0,10.6,52.0,2,1996.0,Brick,Fully equipped,Central,48.36,23,6.3, Šilainiai
"V. Putvinskio g., 2 rooms flat for rent",630.0,11.5,55.0,2,1939.0,Brick,Fully equipped,Gas,nan,23,20.5, Centras
"Kęstučio g., 2 rooms flat for rent",720.0,16.4,44.0,2,,Brick,Fully equipped,Central thermostat,40.04,23,23.2, Centras
"Mosėdžio g., 2 rooms flat for rent",665.0,10.4,64.0,2,2009.0,Brick,Fully equipped,"Central, electric, central thermostat",30.08,23,6.8, Šilainiai
"A. Kriščiukaičio g., 2 rooms flat for rent",550.0,14.5,38.0,2,,Brick,Fully equipped,Gas,nan,23,8.1, Vilijampolė
"Sukilėlių pr., 3 rooms flat for rent",570.0,9.2,62.0,3,1984.0,Block house,Fully equipped,Central,56.42,23,8.4, Eiguliai
"Pagėgių g., 1 room flat for rent",350.0,10.0,35.0,1,1992.0,Brick,Fully equipped,Central,35.00,23,2.3, Panerys
"Birželio 23-iosios g., 2 rooms flat for rent",550.0,11.7,47.0,2,1978.0,Brick,Fully equipped,Central,47.47,23,10.6, Dainava
"Piliuonos g., 1 room flat for rent",350.0,11.7,30.0,1,2018.0,Brick,Fully equipped,"Gas, solid fuel",nan,23,0.3, Vaišvydava
"Dzūkų g., 2 rooms flat for rent",580.0,14.2,40.83,2,1931.0,Log house,Fully equipped,Gas,nan,23,12.1, Žaliakalnis
"Miškinio g., 2 rooms flat for rent",400.0,8.9,45.0,2,,Brick,Fully equipped,Gas,nan,23,4.5, Vilijampolė
"Smėlio g., 3 rooms flat for rent",680.0,13.1,52.0,3,2024.0,Brick,Fully equipped,Geothermal,nan,23,3.1, Panemunė
"Savanorių pr., Room rent",220.0,11.4,19.34,1,,Brick,Fully equipped,Central thermostat,10.25,23,15.1, Žaliakalnis
"Ašigalio g., 1 room flat for rent",390.0,11.8,33.0,1,1983.0,Block house,Fully equipped,Central,35.64,23,7.9, Eiguliai
"Gedimino g., 3 rooms flat for rent",1100.0,12.6,87.0,3,2020.0,Brick,Fully equipped,Central thermostat,nan,23,14.2, Centras
"Vilniaus g., 4 rooms flat for rent",1000.0,12.2,82.0,4,,Brick,Fully equipped,Gas,nan,23,12.7, Centras
"Partizanų g., 1 room flat for rent",420.0,14.0,30.0,1,1978.0,Brick,Fully equipped,Central,25.80,23,19.0, Dainava
"Muitinės g., 2 rooms flat for rent",550.0,10.4,53.0,2,,Brick,Fully equipped,Electric,20.67,23,13.3, Senamiestis
"Linkuvos g., 2 rooms flat for rent",750.0,11.9,63.0,2,2023.0,Wooden house,Fully equipped,Electric,nan,23,10.8, Vilijampolė
"Krėvos g., 2 rooms flat for rent",760.0,18.1,42.0,2,2023.0,Brick,Fully equipped,Central thermostat,20.58,23,10.7, Centras
"Laisvės al., 4 rooms flat for rent",2000.0,17.5,114.0,4,2023.0,Brick,Fully equipped,Central thermostat,43.32,23,15.7, Centras
"Birželio 23-iosios g., 1 room flat for rent",480.0,14.5,33.0,1,1986.0,Block house,Fully equipped,Central,33.33,23,10.6, Dainava
"Amerikos Lietuvių g., 3 rooms flat for rent",1000.0,14.1,71.0,3,2021.0,Brick,Fully equipped,Central thermostat,nan,23,0.8, Aleksotas
"Kalniečių g., 2 rooms flat for rent",450.0,12.2,37.0,2,1987.0,Brick,Fully equipped,Central,31.08,23,7.3, Žaliakalnis
"Naglio g., 1 room flat for rent",330.0,18.3,18.0,1,1973.0,Block house,Fully equipped,Central,7.56,23,8.1, Petrašiūnai
"Ariogalos g., 1 room flat for rent",230.0,12.8,18.0,1,1976.0,Brick,Fully equipped,Central,18.36,23,12.0, Vilijampolė
"M. Gimbutienės g., 1 room flat for rent",260.0,16.3,16.0,1,1982.0,Brick,Fully equipped,Central,17.76,23,7.9, Petrašiūnai
"Tvirtovės al., 1 room flat for rent",500.0,17.9,28.0,1,2023.0,Brick,Fully equipped,Central thermostat,4052.44,23,8.2, Žaliakalnis
"K. Genio g., 3 rooms flat for rent",700.0,14.0,50.0,3,2022.0,Brick,Fully equipped,Central thermostat,nan,23,7.7, Žaliakalnis
"T. Ivanausko g., 2 rooms flat for rent",700.0,20.6,34.0,2,1997.0,Brick,Fully equipped,Gas,nan,23,0.5, Aleksotas
"T. Ivanausko g., 1 room flat for rent",650.0,22.4,29.0,1,1997.0,Brick,Fully equipped,Gas,nan,23,0.5, Aleksotas
"T. Ivanausko g., 2 rooms flat for rent",700.0,24.1,29.0,2,1997.0,Brick,Fully equipped,Gas,nan,23,0.5, Aleksotas
"Alyvų g., 3 rooms flat for rent",800.0,12.9,62.0,3,2024.0,Brick,Fully equipped,Electric,nan,23,0.3, Freda
"Laisvės al., 2 rooms flat for rent",750.0,15.6,48.0,2,1975.0,Brick,Fully equipped,Central,45.12,23,21.7, Centras
"R. Kalantos g., 1 room flat for rent",300.0,9.1,33.0,1,1980.0,Brick,Fully equipped,Central,47.85,23,7.5, Petrašiūnai
"Puodžių g., 1 room flat for rent",700.0,14.0,50.0,1,2018.0,Brick,Fully equipped,Central,nan,23,10.9, Senamiestis
"Ramybės g., 1 room flat for rent",520.0,12.7,40.83,1,,Brick,Fully equipped,"Electric, other",nan,23,1.7, Žemutiniai Kaniūkai
"Vėtrungės g., 2 rooms flat for rent",435.0,8.7,50.0,2,1988.0,Block house,Fully equipped,Central,61.50,23,4.8, Šilainiai
"Laisvės al., 3 rooms flat for rent",850.0,17.9,47.51,3,1907.0,Brick,Fully equipped,Gas,nan,23,16.7, Centras
"Jonavos g., 4 rooms flat for rent",900.0,10.0,90.0,4,,Brick,Fully equipped,Gas,nan,23,15.4, Senamiestis
"Žemalės g., 2 rooms flat for rent",450.0,18.0,25.0,2,1994.0,Brick,Fully equipped,Electric,nan,23,2.9, Šilainiai
"Žemaičių g., 2 rooms flat for rent",700.0,10.8,65.0,2,2022.0,Brick,Fully equipped,Central,26.65,23,10.7, Žaliakalnis
"Vidurinė g., 3 rooms flat for rent",500.0,5.6,90.0,3,1938.0,Wooden house,Fully equipped,Solid fuel,nan,23,11.0, Vilijampolė
"A. Jasaičio g., 3 rooms flat for rent",600.0,8.3,72.0,3,,Brick,Fully equipped,Gas,nan,23,7.7, Žaliakalnis
"Taikos pr., 1 room flat for rent",300.0,13.6,22.0,1,1992.0,Brick,Fully equipped,Central,32.12,23,8.6, Dainava
"Perkūno al., 2 rooms flat for rent",550.0,11.0,50.0,2,,Brick,Fully equipped,Central,nan,23,2.9, Žaliakalnis
"Taikos pr., 2 rooms flat for rent",450.0,12.5,36.0,2,1982.0,Block house,Fully equipped,Central,35.64,23,10.3, Dainava
"Plieno g., Room rent",230.0,16.4,14.0,1,1995.0,Brick,Fully equipped,Gas,nan,23,5.7, Aukštieji Šančiai
"Vydūno al., 2 rooms flat for rent",600.0,8.6,70.0,2,1990.0,Brick,Fully equipped,Gas,nan,23,19.3, Žaliakalnis
"T. Ivanausko g., 2 rooms flat for rent",790.0,18.8,42.0,2,1997.0,Brick,Fully equipped,Gas,nan,23,0.5, Aleksotas
"Baltų pr., 2 rooms flat for rent",530.0,10.4,51.0,2,1993.0,Block house,Fully equipped,Central,45.39,23,3.3, Šilainiai
"Sukilėlių pr., Room rent",220.0,11.0,20.0,1,1980.0,Block house,Fully equipped,Central,21.40,23,14.4, Žaliakalnis
"Vytauto pr., 2 rooms flat for rent",520.0,15.3,34.0,2,,Brick,Fully equipped,Central,17.68,23,13.2, Centras
"Sąjungos a., 2 rooms flat for rent",500.0,5.9,85.0,2,1983.0,Block house,Fully equipped,"Central, electric",44.20,23,9.7, Vilijampolė
"J. Damijonaičio g., 3 rooms flat for rent",750.0,11.5,65.0,3,,Brick,Fully equipped,"Central thermostat, gas",nan,23,1.1, Aleksotas
"Verkių g., Room rent",350.0,4.3,82.0,1,1980.0,Brick,Fully equipped,Central,nan,23,8.6, Aukštieji Šančiai
"Aušros g., 1 room flat for rent",600.0,14.3,42.0,1,,Brick,Fully equipped,Electric,nan,23,12.1, Žaliakalnis
"P. Kalpoko g., 2 rooms flat for rent",750.0,16.3,46.0,2,2021.0,Brick,Fully equipped,Gas,nan,23,2.1, Žaliakalnis
"Savanorių pr., 2 rooms flat for rent",600.0,13.2,45.6,2,1940.0,Brick,Fully equipped,Gas,nan,23,15.6, Centras
"H. ir O. Minkovskių g., 2 rooms flat for rent",650.0,14.4,45.0,2,2023.0,Brick,Fully equipped,Central thermostat,nan,23,1.2, Centras
"Partizanų g., 2 rooms flat for rent",650.0,18.1,36.0,2,1980.0,Block house,Fully equipped,Central,33.12,23,15.3, Dainava
"K. Donelaičio g., 1 room flat for rent",520.0,16.3,32.0,1,,Brick,Fully equipped,Gas,nan,23,16.1, Centras
"Parodos g., 1 room flat for rent",300.0,12.5,24.0,1,1935.0,Brick,Fully equipped,Central,45.36,23,23.1, Centras
"M. K. Čiurlionio g., 2 rooms flat for rent",650.0,14.1,46.0,2,,Brick,Fully equipped,Central thermostat,nan,23,14.2, Centras
"Laisvės al., 3 rooms flat for rent",700.0,11.3,61.76,3,1975.0,Brick,Fully equipped,Central,58.05,23,21.7, Centras
"I. Kanto g., 2 rooms flat for rent",550.0,10.2,54.0,2,1972.0,Brick,Fully equipped,Central,44.28,23,19.8, Centras
"Žemaičių g., 2 rooms flat for rent",620.0,16.3,38.0,2,2021.0,Brick,Fully equipped,Central thermostat,15.58,23,10.7, Žaliakalnis
"Romainių g., 1 room flat for rent",398.0,8.0,50.0,1,2000.0,Brick,Fully equipped,Gas,nan,23,0.4, Romainiai
"Kęstučio g., 2 rooms flat for rent",700.0,17.5,39.91,2,,Brick,Fully equipped,Central,36.32,23,23.2, Centras
"Kaunakiemio g., 1 room flat for rent",440.0,17.6,25.0,1,2018.0,Brick,Fully equipped,Electric,nan,23,14.0, Centras
"K. Petrausko g., 2 rooms flat for rent",600.0,9.5,63.0,2,,Brick,Fully equipped,Gas,nan,23,19.5, Žaliakalnis
"Šiaurės pr., 1 room flat for rent",380.0,10.3,37.0,1,1987.0,Monolithic,Fully equipped,Central,53.28,23,14.6, Eiguliai
"Šiaurės pr., 2 rooms flat for rent",590.0,11.6,51.0,2,1979.0,Block house,Fully equipped,Central,65.28,23,8.5, Kalniečiai
"K. Donelaičio g., 2 rooms flat for rent",550.0,10.0,55.0,2,1953.0,Brick,Fully equipped,Gas,nan,23,24.9, Centras
"A. Juozapavičiaus pr., 1 room flat for rent",480.0,13.7,35.0,1,2016.0,Brick,Fully equipped,Central thermostat,13.30,23,6.7, Žemieji Šančiai
"Taikos pr., 2 rooms flat for rent",450.0,8.6,52.18,2,1987.0,Brick,Fully equipped,Central,nan,23,4.5, Dainava
"Savanorių pr., 3 rooms flat for rent",850.0,9.4,90.0,3,2008.0,Brick,Fully equipped,Other,68.40,23,13.5, Dainava
"J. Jablonskio g., 1 room flat for rent",410.0,12.1,34.0,1,1900.0,Brick,Fully equipped,Central,48.28,23,17.3, Senamiestis
"Gražinos g., 1 room flat for rent",498.0,19.9,25.0,1,2021.0,Brick,Fully equipped,Central thermostat,6.75,23,10.9, Žaliakalnis
"Taikos pr., 1 room flat for rent",398.0,22.1,18.0,1,2023.0,Brick,Fully equipped,Central,6.30,23,8.7, Dainava
"Šarkuvos g., 2 rooms flat for rent",450.0,9.0,50.0,2,1990.0,Block house,Fully equipped,Central,55.00,23,6.1, Šilainiai
"Medvėgalio g., 1 room flat for rent",480.0,16.0,30.09,1,1991.0,Brick,Fully equipped,Central,29.19,23,4.9, Aukštieji Šančiai
"Varpo g., Room rent",220.0,3.0,74.0,1,1980.0,Brick,Fully equipped,Central,73.26,23,8.8, Žaliakalnis
"Kęstučio g., 2 rooms flat for rent",600.0,10.2,59.0,2,1969.0,Brick,Fully equipped,Central,68.44,23,23.5, Centras
"Pramonės pr., 2 rooms flat for rent",309.0,5.5,56.12,2,1975.0,Brick,Fully equipped,"Central, electric, central thermostat",nan,23,3.4, Petrašiūnai
"V. Krėvės pr., 1 room flat for rent",320.0,17.8,18.0,1,1979.0,Brick,Fully equipped,Central,16.02,23,14.7, Dainava
"Rotušės a., 2 rooms flat for rent",670.0,12.6,53.0,2,,Brick,Fully equipped,Central,nan,23,8.1, Centras
"Karaliaus Mindaugo pr., Room rent",710.0,10.7,66.58,1,,Brick,Fully equipped,Gas,nan,23,13.8, Centras
"Eitkūnų g., 2 rooms flat for rent",545.0,9.7,56.0,2,2008.0,Brick,Fully equipped,Central thermostat,nan,23,2.4, Šilainiai
"Partizanų g., 1 room flat for rent",360.0,20.0,18.0,1,1972.0,Brick,Fully equipped,Central,15.30,23,18.8, Dainava
"V. Putvinskio g., 3 rooms flat for rent",1150.0,8.6,133.0,3,,Brick,Fully equipped,Central,155.61,23,24.5, Centras
"Kaunakiemio g., 3 rooms flat for rent",770.0,17.5,44.0,3,2017.0,Brick,Fully equipped,Gas,nan,23,14.0, Centras
"Šiaurės pr., 2 rooms flat for rent",298.0,6.1,49.0,2,1976.0,Block house,Fully equipped,Central,nan,23,15.0, Eiguliai
"M. Gimbutienės g., 1 room flat for rent",400.0,13.3,30.0,1,1971.0,Brick,Fully equipped,Central,24.30,23,10.1, Petrašiūnai
"Kampiškių g., 2 rooms flat for rent",400.0,9.1,44.0,2,1975.0,Brick,Fully equipped,Central,55.88,23,3.3, Panemunė
"Virbalio g., 2 rooms flat for rent",600.0,15.0,40.0,2,2021.0,Block house,Fully equipped,Gas,nan,23,1.1, Aleksotas
"Sukilėlių pr., 1 room flat for rent",375.0,10.1,37.0,1,1986.0,Monolithic,Fully equipped,Central,49.21,23,6.8, Eiguliai
"Taikos pr., 1 room flat for rent",530.0,19.6,27.0,1,2024.0,Brick,Fully equipped,Central thermostat,nan,23,9.0, Dainava
"Kauko al., 1 room flat for rent",470.0,26.1,18.0,1,,Brick,Fully equipped,Electric,nan,23,22.3, Žaliakalnis
"V. Krėvės pr., 1 room flat for rent",280.0,9.3,30.0,1,1966.0,Block house,Fully equipped,Central,23.70,23,9.3, Dainava
"Darbininkų g., 2 rooms flat for rent",600.0,17.1,35.0,2,2024.0,Brick,Fully equipped,Gas,nan,23,3.0, Žaliakalnis
"Dzūkų g., 4 rooms flat for rent",1800.0,16.4,110.0,4,2000.0,Brick,Fully equipped,Central,61.60,23,11.3, Žaliakalnis
"Kovo 11-osios g., 2 rooms flat for rent",550.0,11.9,46.13,2,,Block house,Fully equipped,Central,30.91,23,16.1, Dainava
"Neries krant., 2 rooms flat for rent",580.0,12.6,46.0,2,1963.0,Block house,Fully equipped,Central,nan,23,10.9, Vilijampolė
"Žemaičių g., 3 rooms flat for rent",520.0,8.7,60.0,3,1958.0,Brick,Fully equipped,Gas,nan,23,11.6, Žaliakalnis
"Pušyno g., 3 rooms flat for rent",470.0,9.0,52.0,3,1950.0,Wooden house,Fully equipped,Solid fuel,nan,23,6.5, Žemieji Šančiai
"Dzūkų g., 2 rooms flat for rent",559.0,10.0,56.0,2,2008.0,Brick,Fully equipped,Central thermostat,31.36,23,11.3, Žaliakalnis
"H. ir O. Minkovskių g., 2 rooms flat for rent",850.0,18.9,45.0,2,2024.0,Brick,Fully equipped,"Central thermostat, aerothermal",18.90,23,1.0, Aleksotas
"Partizanų g., 1 room flat for rent",340.0,10.8,31.45,1,1979.0,Block house,Fully equipped,Central,37.43,23,8.6, Dainava
"Varnių g., 2 rooms flat for rent",750.0,10.0,75.0,2,2018.0,Brick,Fully equipped,"Central thermostat, aerothermal",24.00,23,15.3, Vilijampolė
"Baltijos g., 1 room flat for rent",450.0,12.2,37.0,1,1990.0,Block house,Fully equipped,Central,nan,23,8.6, Šilainiai
"Aušros g., Room rent",260.0,11.3,23.0,1,1939.0,Brick,Fully equipped,Central,35.42,23,10.9, Žaliakalnis
"Sukilėlių pr., Room rent",190.0,9.5,20.0,1,1984.0,Block house,Fully equipped,Central,18.20,23,8.4, Eiguliai
"Pabiržės g., 2 rooms flat for rent",650.0,12.9,50.3,2,2025.0,Brick,Fully equipped,Central thermostat,nan,23,2.1, Aukštieji Šančiai
"Vasario 16-osios g., 2 rooms flat for rent",590.0,12.0,49.0,2,1988.0,Brick,Fully equipped,"Central, electric",69.09,23,23.8, Centras
"Vilniaus g., 1 room flat for rent",530.0,13.6,39.0,1,,Brick,Fully equipped,Gas,34.32,23,17.3, Senamiestis
"Neries krant., 2 rooms flat for rent",500.0,11.6,43.0,2,1964.0,Brick,Fully equipped,Central,nan,23,9.1, Vilijampolė
"Rasytės g., 2 rooms flat for rent",500.0,10.0,50.0,2,1986.0,Block house,Fully equipped,Central,61.50,23,3.6, Šilainiai
"M. Jankaus g., 2 rooms flat for rent",320.0,8.0,40.0,2,,Brick,Fully equipped,Gas,21.60,23,7.8, Žaliakalnis
"I. Kanto g., 4 rooms flat for rent",1785.0,11.9,150.0,4,2007.0,Monolithic,Fully equipped,Central,93.00,23,19.9, Centras
"A. Smetonos al., 2 rooms flat for rent",490.0,12.6,39.0,2,1959.0,Brick,Fully equipped,Central,65.52,23,2.9, Panemunė
"Lakūnų pl., 2 rooms flat for rent",650.0,19.1,34.0,2,,Brick,Fully equipped,Central thermostat,nan,23,1.1, Freda
"V. Landsbergio-Žemkalnio g., 2 rooms flat for rent",400.0,8.0,50.0,2,1979.0,Block house,Fully equipped,Central,nan,23,8.5, Kalniečiai
"Baltų pr., 4 rooms flat for rent",450.0,5.1,89.0,4,1989.0,Block house,Fully equipped,Central,97.90,23,10.4, Šilainiai
"Bažnyčios g., Room rent",200.0,3.4,58.0,1,,Brick,Fully equipped,Gas,nan,23,17.5, Centras
"Partizanų g., 1 room flat for rent",400.0,13.3,30.0,1,1974.0,Block house,Fully equipped,Central,28.80,23,12.5, Dainava
"Žuvinto g., Room rent",200.0,3.1,64.0,1,1963.0,Brick,Fully equipped,Central,65.92,23,5.1, Žaliakalnis
"Baltų pr., 2 rooms flat for rent",500.0,10.0,50.0,2,1989.0,Block house,Fully equipped,Central,44.50,23,11.0, Šilainiai
"Savanorių pr., 1 room flat for rent",450.0,26.5,17.0,1,1959.0,Brick,Fully equipped,Central,nan,23,7.2, Žaliakalnis
"T. Ivanausko g., 2 rooms flat for rent",580.0,14.5,40.0,2,2025.0,Brick,Fully equipped,Gas,nan,23,0.7, Freda
"Pramonės pr., 1 room flat for rent",410.0,12.4,33.0,1,1980.0,Block house,Fully equipped,Central,32.01,23,9.0, Dainava
"V. Krėvės pr., Room rent",280.0,20.0,14.0,1,1973.0,Brick,Fully equipped,Central,12.46,23,14.7, Dainava
"Dzūkų g., 2 rooms flat for rent",600.0,12.0,50.0,2,2005.0,Brick,Fully equipped,Central thermostat,28.00,23,11.3, Žaliakalnis
"R. Kalantos g., Room rent 2 rooms in a flat",180.0,9.0,20.0,2,1978.0,Brick,Fully equipped,Central,15.80,23,7.6, Petrašiūnai
"Įkalnės aklg., 1 room flat for rent",495.0,15.0,33.0,1,2008.0,Brick,Fully equipped,Gas,nan,23,2.0, Žemutiniai Kaniūkai
"Dzūkų g., 2 rooms flat for rent",670.0,12.2,55.0,2,2007.0,Brick,Fully equipped,"Electric, central thermostat",nan,23,11.7, Žaliakalnis
"T. Ivanausko g., 2 rooms flat for rent",600.0,14.0,43.0,2,2025.0,Brick,Fully equipped,Gas,nan,23,0.7, Freda
"T. Ivanausko g., 2 rooms flat for rent",500.0,16.7,30.0,2,2025.0,Brick,Fully equipped,Gas,nan,23,0.7, Freda
"T. Ivanausko g., 2 rooms flat for rent",500.0,16.7,30.0,2,2025.0,Brick,Fully equipped,Gas,nan,23,0.7, Freda
"T. Ivanausko g., 3 rooms flat for rent",750.0,12.5,60.0,3,2025.0,Brick,Fully equipped,Gas,nan,23,0.7, Freda
"Karo Ligoninės g., 2 rooms flat for rent",650.0,14.4,45.0,2,,Brick,Fully equipped,Central,63.90,23,33.5, Centras
"Ukmergės g., Room rent 4 rooms in a flat",125.0,7.8,16.0,4,1981.0,Block house,Fully equipped,Central,nan,23,9.0, Eiguliai
"Žeimenos g., 3 rooms flat for rent",560.0,9.6,58.22,3,1984.0,Block house,Fully equipped,Central,nan,23,7.1, Eiguliai
"I. Kanto g., 3 rooms flat for rent",1500.0,15.0,100.0,3,2008.0,Brick,Fully equipped,Central thermostat,62.00,23,19.9, Centras
"Medvėgalio g., 3 rooms flat for rent",680.0,10.8,63.0,3,,Block house,Fully equipped,Central,nan,23,6.9, Aukštieji Šančiai
"Laisvės al., 1 room flat for rent",550.0,21.2,26.0,1,2022.0,Brick,Fully equipped,Central thermostat,19.50,23,30.3, Centras
"Akacijų g., 3 rooms flat for rent",750.0,9.4,80.0,3,1994.0,Brick,Fully equipped,Gas,nan,23,1.2, Aleksotas
"V. Putvinskio g., 3 rooms flat for rent",899.0,13.2,68.0,3,,Brick,Fully equipped,"Aerothermal, sun energy",nan,23,21.2, Centras
"V. Putvinskio g., 3 rooms flat for rent",1499.0,17.0,88.0,3,2020.0,Monolithic,Fully equipped,"Aerothermal, sun energy",nan,23,21.2, Centras
"A. Juozapavičiaus pr., 2 rooms flat for rent",600.0,10.0,60.0,2,,Brick,Fully equipped,Gas,nan,23,4.2, Žemieji Šančiai
"Biržiškų g., 2 rooms flat for rent",495.0,10.5,47.0,2,1962.0,Block house,Fully equipped,Central,23.03,23,13.3, Aukštieji Šančiai
"Laisvės al., 3 rooms flat for rent",670.0,11.6,58.0,3,,Brick,Fully equipped,Central,43.50,23,30.3, Centras
"Brastos g., 3 rooms flat for rent",1250.0,13.6,92.0,3,2020.0,Monolithic,Fully equipped,Central thermostat,41.40,23,1.3, Vilijampolė
"Garažų g., 2 rooms flat for rent",690.0,13.5,51.0,2,2024.0,Brick,Fully equipped,Central thermostat,16.32,23,4.1, Dainava
"Kovo 11-osios g., 3 rooms flat for rent",720.0,11.8,61.0,3,1968.0,Block house,Fully equipped,Central,60.39,23,15.4, Dainava
"Partizanų g., 2 rooms flat for rent",400.0,8.5,47.0,2,1972.0,Block house,Fully equipped,Central,33.84,23,9.2, Dainava
"P. Plechavičiaus g., 2 rooms flat for rent",530.0,14.1,37.55,2,1976.0,Block house,Fully equipped,Central,44.31,23,11.0, Eiguliai
"Eigulių g., 2 rooms flat for rent",700.0,17.5,40.0,2,2025.0,Brick,Fully equipped,"Electric, central thermostat, other",nan,23,2.7, Žaliakalnis
"Savanorių pr., 2 rooms flat for rent",570.0,11.0,52.0,2,1989.0,Brick,Fully equipped,Central,65.52,23,13.2, Dainava
"V. Krėvės pr., 2 rooms flat for rent",550.0,10.2,54.0,2,2008.0,Brick,Fully equipped,Central thermostat,27.54,23,18.8, Dainava
"P. Plechavičiaus g., 2 rooms flat for rent",500.0,10.0,50.0,2,1976.0,Block house,Fully equipped,Central,53.50,23,15.2, Kalniečiai
"Pašilės g., 2 rooms flat for rent",500.0,10.5,47.6,2,1968.0,Block house,Fully equipped,Central,46.17,23,16.5, Gričiupis
"Vievio g., Room rent",150.0,9.4,16.0,1,1998.0,Brick,Fully equipped,"Gas, solid fuel",nan,23,6.9, Aukštieji Šančiai
"Purienų g., 2 rooms flat for rent",680.0,8.7,78.0,2,1997.0,Brick,Fully equipped,Gas,nan,23,3.7, Žaliakalnis
"Ašigalio g., 1 room flat for rent",370.0,11.2,33.0,1,1983.0,Block house,Fully equipped,Central,35.64,23,7.9, Eiguliai
"Baltų pr., 2 rooms flat for rent",500.0,9.8,51.0,2,1991.0,Block house,Fully equipped,Central,49.47,23,11.9, Šilainiai
"Baltų pr., 3 rooms flat for rent",580.0,9.7,60.0,3,1989.0,Block house,Fully equipped,Central,58.20,23,11.9, Šilainiai
"P. Plechavičiaus g., 2 rooms flat for rent",430.0,11.6,37.0,2,1978.0,Block house,Fully equipped,Central,37.37,23,15.1, Eiguliai
"Muravos g., 1 room flat for rent",380.0,12.7,30.0,1,1982.0,Brick,Fully equipped,Aerothermal,nan,23,9.2, Kalniečiai
"Draugystės g., 2 rooms flat for rent",460.0,9.2,50.0,2,1990.0,Brick,Fully equipped,Central,61.50,23,17.3, Dainava
"P. Plechavičiaus g., 2 rooms flat for rent",500.0,10.0,50.0,2,1980.0,Block house,Fully equipped,Central,57.00,23,14.9, Kalniečiai
"Partizanų g., 1 room flat for rent",130.0,1.5,84.0,1,1989.0,Block house,Fully equipped,Central,74.76,23,14.5, Dainava
"Zanavykų g., 1 room flat for rent",390.0,21.7,18.0,1,1931.0,Wooden house,Fully equipped,Gas,nan,23,9.9, Žaliakalnis
"Taikos pr., 1 room flat for rent",350.0,19.4,18.0,1,1968.0,Block house,Fully equipped,Central,12.96,23,8.2, Dainava
"V. Putvinskio g., Room rent 9 rooms in a flat",140.0,0.2,600.0,9,1936.0,Brick,Fully equipped,Central,852.00,23,23.1, Centras
"Jonavos g., Room rent",360.0,13.8,26.0,1,1988.0,Brick,Fully equipped,Central,34.06,23,15.7, Senamiestis
"Sukilėlių pr., 4 rooms flat for rent",675.0,8.7,78.0,4,1980.0,Block house,Fully equipped,Central,90.48,23,11.8, Eiguliai
"Archyvo g., 2 rooms flat for rent",800.0,16.0,50.0,2,2020.0,Brick,Fully equipped,Gas,nan,23,7.0, Žaliakalnis
"V. Krėvės pr., 1 room flat for rent",370.0,14.8,25.0,1,1970.0,Block house,Fully equipped,Central,21.50,23,14.7, Dainava
"Laisvės al., 2 rooms flat for rent",650.0,13.4,48.57,2,1929.0,Brick,Fully equipped,Central,52.46,23,27.2, Centras
"Pakrantės tak., Room rent",200.0,14.3,14.0,1,1979.0,Brick,Fully equipped,Gas,nan,23,3.8, Žaliakalnis
"V. Krėvės pr., 2 rooms flat for rent",500.0,10.2,49.0,2,1972.0,Block house,Fully equipped,Central,40.67,23,18.5, Dainava
"Kovo 11-osios g., Room rent",500.0,11.6,43.0,1,1965.0,Block house,Fully equipped,Central,36.55,23,17.1, Dainava
"Varnių g., 2 rooms flat for rent",400.0,8.2,49.0,2,1960.0,Brick,Fully equipped,Central,43.12,23,9.7, Vilijampolė
"Vytauto pr., 2 rooms flat for rent",650.0,14.1,46.0,2,2010.0,Brick,Fully equipped,Central thermostat,21.16,23,33.8, Centras
"Kumelių g., 2 rooms flat for rent",600.0,10.2,59.0,2,1900.0,Brick,Fully equipped,Central,nan,23,15.5, Senamiestis
"Baltijos g., Room rent",170.0,2.0,84.0,1,1989.0,Block house,Fully equipped,Central,85.68,23,6.8, Šilainiai
"Žuvinto g., Room rent",207.0,13.8,15.0,1,1980.0,Brick,Fully equipped,Central,nan,23,2.5, Žaliakalnis
"Pramonės pr., Room rent",170.0,11.3,15.0,1,1972.0,Brick,Fully equipped,Central,19.05,23,16.0, Gričiupis
"Kęstučio g., Room rent 4 rooms in a flat",280.0,18.7,15.0,4,1938.0,Brick,Fully equipped,Gas,0.45,23,29.0, Centras
"Žuvinto g., 2 rooms flat for rent",700.0,15.6,44.77,2,2008.0,Brick,Fully equipped,Central thermostat,26.86,23,2.8, Žaliakalnis
"Šiaurės pr., 1 room flat for rent",400.0,11.0,36.24,1,1987.0,Monolithic,Fully equipped,Central,52.19,23,14.6, Eiguliai
"Savanorių pr., 4 rooms flat for rent",980.0,6.7,146.0,4,2018.0,Brick,Fully equipped,Gas,nan,23,18.2, Centras
"Europos pr., 2 rooms flat for rent",700.0,16.7,42.0,2,2023.0,Monolithic,Fully equipped,Central thermostat,11.76,23,3.5, Freda
4 rooms flat for rent,750.0,8.5,88.0,4,1940.0,Brick,Fully equipped,Gas,nan,23,12.8, J. Naugardo g.
"Eitkūnų g., 2 rooms flat for rent",590.0,11.1,53.0,2,2009.0,Brick,Fully equipped,Gas,nan,23,1.8, Šilainiai
"V. Krėvės pr., 2 rooms flat for rent",650.0,17.6,37.0,2,2024.0,Brick,Fully equipped,Central thermostat,16.28,23,19.0, Dainava
"M. Riomerio g., 2 rooms flat for rent",480.0,10.7,45.0,2,,Block house,Fully equipped,Central,24.30,23,13.3, Dainava
"Partizanų g., 1 room flat for rent",370.0,20.6,18.0,1,1977.0,Other,Fully equipped,Central,15.30,23,18.8, Dainava
"Saulės g., 2 rooms flat for rent",550.0,10.0,55.0,2,1989.0,Brick,Fully equipped,Central,60.50,23,9.2, Gričiupis
"Raudondvario pl., 2 rooms flat for rent",650.0,11.4,57.0,2,1990.0,Brick,Fully equipped,Central,42.75,23,6.3, Lampėdžiai
"Raudondvario pl., 2 rooms flat for rent",650.0,11.4,57.0,2,1990.0,Brick,Fully equipped,Central,42.75,23,6.3, Lampėdžiai
"V. Krėvės pr., 2 rooms flat for rent",530.0,9.8,54.0,2,2007.0,Monolithic,Fully equipped,Central thermostat,27.54,23,18.8, Dainava
"V. Krėvės pr., 2 rooms flat for rent",520.0,10.4,50.0,2,1974.0,Block house,Fully equipped,Central,46.50,23,20.6, Dainava
"Tunelio g., 3 rooms flat for rent",600.0,12.6,47.75,3,1930.0,Brick,Fully equipped,Gas,nan,23,2.7, Žaliakalnis
"Bartuvos g., 2 rooms flat for rent",570.0,10.0,57.0,2,2012.0,Brick,Fully equipped,Gas,nan,23,3.9, Šilainiai
"P. Vaičaičio g., 1 room flat for rent",380.0,17.7,21.5,1,1938.0,Brick,Fully equipped,Central,nan,23,19.3, Žaliakalnis
"Savanorių pr., 1 room flat for rent",360.0,12.9,28.0,1,,Brick,Fully equipped,Central thermostat,53.20,23,21.2, Centras
"A. Baranausko g., 1 room flat for rent",350.0,9.4,37.26,1,1975.0,Brick,Fully equipped,Central,44.34,23,9.0, Dainava
"A. Mackevičiaus g., 2 rooms flat for rent",700.0,14.9,47.0,2,1930.0,Wooden house,Fully equipped,Gas,nan,23,13.0, Žaliakalnis
"Muravos g., 1 room flat for rent",370.0,11.2,33.0,1,1985.0,Block house,Fully equipped,Central,33.66,23,12.0, Eiguliai
"Kęstučio g., 2 rooms flat for rent",660.0,15.0,44.0,2,2017.0,Brick,Fully equipped,Central thermostat,nan,23,23.9, Centras
"Šv. Gertrūdos g., 2 rooms flat for rent",950.0,16.7,57.0,2,1900.0,Brick,Fully equipped,"Gas, solid fuel",58.14,23,15.9, Senamiestis
"V. Landsbergio-Žemkalnio g., 2 rooms flat for rent",400.0,8.2,49.0,2,1964.0,Block house,Fully equipped,Central,48.51,23,13.3, Kalniečiai
"M. K. Čiurlionio g., 3 rooms flat for rent",590.0,8.8,67.0,3,1959.0,Brick,Fully equipped,Gas,nan,23,13.3, Centras
"M. Valančiaus g., 1 room flat for rent",520.0,16.8,31.0,1,,Brick,Fully equipped,Gas,nan,23,13.0, Senamiestis
"Neries krant., 1 room flat for rent",370.0,12.3,30.0,1,1990.0,Brick,Fully equipped,Central,nan,23,8.0, Vilijampolė
"Vilniaus g., 4 rooms flat for rent",1190.0,11.7,102.0,4,,Brick,Fully equipped,"Central thermostat, other",89.76,23,17.3, Senamiestis
"Šilupio g., Room rent",300.0,15.0,20.0,1,2000.0,Brick,Fully equipped,Geothermal,nan,23,0.1, Vaišvydava
"Brastos g., 3 rooms flat for rent",1300.0,16.0,81.3,3,2020.0,Brick,Fully equipped,Central thermostat,nan,23,3.3, Vilijampolė
"Bitininkų g., 2 rooms flat for rent",600.0,12.5,48.0,2,2013.0,Brick,Fully equipped,Liquid,nan,23,1.2, Freda
"M. Daukšos g., 1 room flat for rent",490.0,14.4,34.0,1,1965.0,Brick,Fully equipped,Central,56.10,23,16.3, Senamiestis
"Verkių g., 1 room flat for rent",440.0,14.7,30.0,1,1980.0,Brick,Fully equipped,Central,40.20,23,6.1, Aukštieji Šančiai
"R. Kalantos g., 1 room flat for rent",240.0,17.1,14.0,1,1974.0,Brick,Fully equipped,Central,15.54,23,6.0, Petrašiūnai
"Partizanų g., 1 room flat for rent",450.0,11.5,39.0,1,1981.0,Block house,Fully equipped,Central,42.12,23,10.0, Dainava
"V. Putvinskio g., 2 rooms flat for rent",700.0,12.7,55.0,2,1939.0,Brick,Fully equipped,Gas,nan,23,23.8, Centras
"Pramonės pr., 1 room flat for rent",200.0,25.0,8.0,1,1974.0,Brick,Fully equipped,Central,8.64,23,22.5, Dainava
"M. Riomerio g., 2 rooms flat for rent",480.0,11.4,42.0,2,,Block house,Fully equipped,Central,28.56,23,12.7, Gričiupis
"Baltų pr., 2 rooms flat for rent",430.0,8.8,49.0,2,1991.0,Block house,Fully equipped,Central,53.41,23,6.9, Šilainiai
"P. Lukšio g., 2 rooms flat for rent",550.0,12.4,44.35,2,1975.0,Block house,Fully equipped,Central,40.36,23,12.1, Eiguliai
"Pramonės pr., 2 rooms flat for rent",430.0,8.0,54.0,2,1996.0,Block house,Fully equipped,Central,nan,23,22.8, Dainava
"E. Ožeškienės g., 2 rooms flat for rent",550.0,13.8,40.0,2,1938.0,Brick,Fully equipped,Central,30.00,23,20.6, Centras
"Laisvės al., 2 rooms flat for rent",650.0,14.4,45.0,2,1964.0,Brick,Fully equipped,Central,nan,23,18.5, Centras
"Studentų g., 2 rooms flat for rent",650.0,16.3,40.0,2,2019.0,Brick,Fully equipped,Gas,nan,23,10.5, Žaliakalnis
"K. Dulksnio g., 1 room flat for rent",550.0,18.3,30.0,1,2025.0,Monolithic,Fully equipped,Other,nan,23,1.4, Aleksotas
"K. Baršausko g., 2 rooms flat for rent",499.0,11.3,44.0,2,1964.0,Brick,Fully equipped,Central,62.48,23,14.7, Dainava
"Baltijos g., 1 room flat for rent",360.0,9.2,39.0,1,1991.0,Brick,Fully equipped,Central,41.34,23,7.5, Šilainiai
"Miško g., Room rent",450.0,18.8,24.0,1,,Brick,Fully equipped,Gas,37.44,23,32.7, Centras
"Partizanų g., 2 rooms flat for rent",400.0,9.1,43.75,2,1968.0,Block house,Fully equipped,Central,39.38,23,20.2, Dainava
"Verkių g., Room rent 4 rooms in a flat",200.0,12.5,16.0,4,1998.0,Carcass house,Fully equipped,Solid fuel,nan,23,8.5, Aukštieji Šančiai
"Kęstučio g., 1 room flat for rent",650.0,15.5,42.0,1,,Brick,Fully equipped,Central,38.22,23,23.2, Centras
"Partizanų g., 1 room flat for rent",450.0,13.6,33.0,1,1975.0,Block house,Fully equipped,Central,30.03,23,21.7, Dainava
"Šiaurės pr., Room rent",200.0,11.8,17.0,1,1985.0,Block house,Fully equipped,Central,18.36,23,11.6, Eiguliai
"9-ojo Forto g., 2 rooms flat for rent",599.0,15.8,38.0,2,2018.0,Brick,Fully equipped,Gas,nan,23,2.5, Šilainiai
"A. Juozapavičiaus pr., 1 room flat for rent",460.0,10.7,43.0,1,,Brick,Fully equipped,Gas,nan,23,7.3, Žemieji Šančiai
"Kalniečių g., 1 room flat for rent",450.0,15.6,28.84,1,1985.0,Brick,Fully equipped,Central,32.88,23,3.2, Žaliakalnis
"V. Krėvės pr., 1 room flat for rent",320.0,9.7,33.0,1,1972.0,Block house,Fully equipped,Central,34.65,23,19.8, Dainava
"J. Gruodžio g., 2 rooms flat for rent",510.0,11.3,45.0,2,,Brick,Fully equipped,Central,56.70,23,12.8, Senamiestis
"S. Žukausko g., 1 room flat for rent",298.0,8.3,36.0,1,1985.0,Block house,Fully equipped,Central,nan,23,14.9, Eiguliai
"Savanorių pr., 1 room flat for rent",300.0,15.8,19.0,1,1979.0,Brick,Fully equipped,Central,17.67,23,13.3, Dainava
"Vytauto pr., 2 rooms flat for rent",745.0,14.9,50.0,2,1929.0,Brick,Fully equipped,Gas,nan,23,13.0, Centras
"V. Krėvės pr., 2 rooms flat for rent",320.0,6.8,47.0,2,1975.0,Block house,Fully equipped,Central thermostat,nan,23,20.5, Dainava
"Garažų g., 1 room flat for rent",420.0,15.0,28.0,1,2021.0,Brick,Fully equipped,Other,12.88,23,7.4, Dainava
"Sukilėlių pr., Room rent",250.0,3.8,65.0,1,1978.0,Brick,Fully equipped,Central,80.60,23,8.3, Eiguliai
"Karaliaus Mindaugo pr., 3 rooms flat for rent",850.0,17.3,49.0,3,,Brick,Fully equipped,Electric,nan,23,12.3, Centras
"K. Donelaičio g., 1 room flat for rent",350.0,12.5,28.0,1,1938.0,Brick,Fully equipped,Central,44.80,23,25.5, Centras
"Draugystės g., 1 room flat for rent",320.0,8.7,36.79,1,1984.0,Block house,Fully equipped,Central,45.25,23,17.3, Dainava
"Vaižganto g., 2 rooms flat for rent",760.0,15.8,48.22,2,2018.0,Brick,Fully equipped,Central thermostat,14.47,23,3.3, Žaliakalnis
"Baltų pr., 2 rooms flat for rent",420.0,11.4,37.0,2,1989.0,Block house,Fully equipped,Central,nan,23,9.2, Šilainiai
"Šv. Gertrūdos g., 1 room flat for rent",350.0,9.5,37.0,1,1980.0,Brick,Fully equipped,"Central thermostat, gas",nan,23,17.0, Centras
"T. Ivanausko g., 2 rooms flat for rent",580.0,11.6,50.0,2,2021.0,Brick,Fully equipped,Central,nan,23,0.7, Freda
"Varnių g., 2 rooms flat for rent",470.0,10.2,46.0,2,1964.0,Block house,Fully equipped,Central,40.48,23,17.1, Vilijampolė
"H. ir O. Minkovskių g., 2 rooms flat for rent",700.0,17.5,40.0,2,2023.0,Brick,Fully equipped,Central,nan,23,1.2, Centras
"Šarkuvos g., 1 room flat for rent",300.0,8.3,36.0,1,1996.0,Monolithic,Fully equipped,Central,46.08,23,9.9, Šilainiai
"Rietavo g., 1 room flat for rent",400.0,10.8,37.0,1,1987.0,Block house,Fully equipped,Central,35.15,23,9.8, Šilainiai
"Neries krant., 2 rooms flat for rent",420.0,9.3,45.0,2,1976.0,Block house,Fully equipped,Central,nan,23,9.7, Vilijampolė
"Tvirtovės al., 2 rooms flat for rent",550.0,10.1,54.5,2,,Brick,Fully equipped,Central thermostat,32.70,23,12.5, Žaliakalnis
"Kalniečių g., 3 rooms flat for rent",560.0,8.8,64.0,3,1985.0,Block house,Fully equipped,Central,64.00,23,8.4, Eiguliai
"T. Ivanausko g., 2 rooms flat for rent",620.0,14.1,44.0,2,2025.0,Brick,Fully equipped,Gas,nan,23,0.7, Freda
"Geležinio Vilko g., 2 rooms flat for rent",550.0,11.0,50.0,2,2007.0,Brick,Fully equipped,Central thermostat,27.50,23,12.4, Kalniečiai
"M. Riomerio g., 1 room flat for rent",300.0,12.5,24.0,1,1978.0,Brick,Fully equipped,Central,33.84,23,7.7, Dainava
"Taikos pr., 2 rooms flat for rent",550.0,15.3,36.0,2,2024.0,Block house,Fully equipped,Central,12.60,23,8.7, Dainava
"Antanavos g., 2 rooms flat for rent",550.0,10.6,52.0,2,1970.0,Brick,Fully equipped,Central,63.96,23,2.5, Aleksotas
"Pramonės pr., 1 room flat for rent",350.0,11.7,30.0,1,1970.0,Block house,Fully equipped,Central,24.00,23,10.1, Dainava
"Draugystės g., Room rent",265.0,13.3,20.0,1,1960.0,Monolithic,Fully equipped,Central,6.80,23,1.0, Petrašiūnai
"Minijos g., 3 rooms flat for rent",690.0,12.5,55.0,3,2022.0,Brick,Fully equipped,"Aerothermal, gas",nan,23,0.2, Vytėnai
"T. Ivanausko g., 2 rooms flat for rent",650.0,14.4,45.0,2,2025.0,Brick,Fully equipped,Gas,nan,23,0.7, Freda
"Sukilėlių pr., Room rent",270.0,20.8,13.0,1,,Block house,Fully equipped,Central,7.80,23,10.3, Eiguliai
"Kuršių g., 2 rooms flat for rent",550.0,10.7,51.31,2,1987.0,Block house,Fully equipped,Central,nan,23,21.2, Šilainiai
"T. Ivanausko g., 2 rooms flat for rent",550.0,18.3,30.0,2,2025.0,Brick,Fully equipped,Gas,nan,23,0.7, Freda
"Rimties skg., 3 rooms flat for rent",750.0,13.6,55.0,3,2021.0,Brick,Fully equipped,Geothermal,nan,23,2.5, Žemutiniai Kaniūkai
"Sąjungos a., 2 rooms flat for rent",650.0,13.5,48.0,2,1973.0,Brick,Fully equipped,Central,67.68,23,13.1, Vilijampolė
"J. Vienožinskio g., 1 room flat for rent",350.0,20.6,17.0,1,1989.0,Brick,Fully equipped,Central,17.34,23,2.3, Vilijampolė
"Rietavo g., 1 room flat for rent",450.0,12.2,37.0,1,1987.0,Block house,Fully equipped,Central,nan,23,8.9, Šilainiai
"Draugystės g., 2 rooms flat for rent",420.0,7.8,54.0,2,1987.0,Monolithic,Fully equipped,Aerothermal,18.36,23,1.0, Dainava
"Šarkuvos g., 1 room flat for rent",350.0,9.5,37.0,1,1990.0,Block house,Fully equipped,Central,39.96,23,6.4, Šilainiai
"Eivenių g., Room rent",220.0,11.0,20.0,1,1972.0,Brick,Fully equipped,Central,16.40,23,7.5, Žaliakalnis
"Partizanų g., 2 rooms flat for rent",670.0,14.3,46.83,2,,Block house,Fully equipped,Central,27.16,23,15.9, Dainava
"Pramonės pr., 1 room flat for rent",450.0,12.9,35.0,1,,Brick,Fully equipped,Central thermostat,15.05,23,24.0, Dainava
"Partizanų g., 2 rooms flat for rent",530.0,10.0,53.0,2,1986.0,Block house,Fully equipped,Central,42.93,23,13.1, Dainava
"Ukmergės g., Room rent",125.0,8.3,15.0,1,1981.0,Block house,Fully equipped,Central,nan,23,8.9, Eiguliai
"Geležinio Vilko g., 2 rooms flat for rent",400.0,10.0,40.0,2,1980.0,Block house,Fully equipped,Central,40.40,23,10.2, Kalniečiai
"Darbininkų g., Room rent 4 rooms in a flat",250.0,12.5,20.0,4,1972.0,Brick,Fully equipped,Central,nan,23,4.5, Žaliakalnis
"Mosėdžio g., 3 rooms flat for rent",730.0,7.8,94.0,3,2008.0,Brick,Fully equipped,Central thermostat,44.18,23,6.9, Šilainiai
"Kovo 11-osios g., 2 rooms flat for rent",500.0,11.6,43.0,2,1976.0,Block house,Fully equipped,Central,36.55,23,17.1, Dainava
"Partizanų g., 2 rooms flat for rent",500.0,11.6,43.0,2,1979.0,Block house,Fully equipped,Central,39.13,23,24.4, Dainava
"V. Kuzmos g., 2 rooms flat for rent",850.0,17.0,50.0,2,,Brick,Fully equipped,Gas,nan,23,9.8, Senamiestis
"T. Ivanausko g., 1 room flat for rent",600.0,12.0,50.0,1,2021.0,Brick,Fully equipped,Gas,nan,23,0.7, Freda
"Partizanų g., 1 room flat for rent",380.0,13.6,28.0,1,1987.0,Monolithic,Fully equipped,Central,27.16,23,21.1, Dainava
"Žemaičių g., 2 rooms flat for rent",600.0,15.0,40.0,2,1930.0,Wooden house,Fully equipped,Gas,nan,23,1.9, Žaliakalnis
"Nemuno g., 2 rooms flat for rent",650.0,14.4,45.0,2,1930.0,Brick,Fully equipped,Central,74.25,23,12.0, Senamiestis
"M. Riomerio g., 2 rooms flat for rent",500.0,11.1,45.0,2,,Brick,Fully equipped,Central thermostat,26.10,23,13.3, Dainava
"Panerių g., 2 rooms flat for rent",580.0,12.9,45.0,2,2020.0,Block house,Fully equipped,Gas,nan,23,5.3, Vilijampolė
"A. Juozapavičiaus pr., 3 rooms flat for rent",1000.0,13.0,77.0,3,2015.0,Brick,Fully equipped,Geothermal,nan,23,9.2, Žemieji Šančiai
"Biržiškų g., 2 rooms flat for rent",479.0,10.9,44.0,2,,Block house,Fully equipped,Central thermostat,18.92,23,13.9, Gričiupis
"Ašigalio g., 1 room flat for rent",319.0,8.6,37.0,1,1987.0,Block house,Fully equipped,Central,42.92,23,8.5, Eiguliai
"Kalniečių g., 1 room flat for rent",350.0,19.4,18.0,1,1981.0,Brick,Fully equipped,Central,18.72,23,4.7, Kalniečiai
"S. Žukausko g., 2 rooms flat for rent",450.0,12.3,36.52,2,1975.0,Block house,Fully equipped,Central,32.87,23,14.9, Eiguliai
"Partizanų g., 2 rooms flat for rent",350.0,7.4,47.0,2,1972.0,Block house,Fully equipped,Central,36.66,23,14.9, Dainava
"Sukilėlių pr., 1 room flat for rent",250.0,20.8,12.0,1,1981.0,Brick,Fully equipped,Central,13.56,23,9.3, Eiguliai
"Kuršių g., 2 rooms flat for rent",490.0,9.7,50.48,2,1987.0,Block house,Fully equipped,Central,44.93,23,22.0, Šilainiai
"Perkūno al., 4 rooms flat for rent",650.0,5.9,110.0,4,1940.0,Brick,Fully equipped,Gas,nan,23,1.4, Žaliakalnis
"A. Juozapavičiaus pr., 2 rooms flat for rent",650.0,14.8,44.0,2,,Brick,Fully equipped,Central thermostat,33.44,23,4.9, Žemieji Šančiai
"P. Dovydaičio g., 1 room flat for rent",250.0,13.9,18.0,1,1940.0,Wooden house,Fully equipped,Electric,nan,23,4.0, Žaliakalnis
"Žeimenos g., 3 rooms flat for rent",750.0,12.0,62.75,3,2025.0,Brick,Fully equipped,Central thermostat,nan,23,0.9, Žaliakalnis
"Ašmenos 1-oji g., 3 rooms flat for rent",660.0,12.2,53.91,3,2007.0,Brick,Fully equipped,Central thermostat,22.10,23,1.6, Aukštieji Šančiai
"Vėtrungės g., 2 rooms flat for rent",349.0,9.2,38.0,2,1986.0,Block house,Fully equipped,Central,46.74,23,4.8, Šilainiai
"Vokiečių g., 2 rooms flat for rent",470.0,11.8,40.0,2,2023.0,Brick,Fully equipped,Gas,nan,23,0.8, Žemieji Šančiai
"V. Krėvės pr., 1 room flat for rent",250.0,8.9,28.0,1,1992.0,Block house,Fully equipped,Central,nan,23,13.6, Dainava
"M. K. Čiurlionio g., 1 room flat for rent",380.0,11.9,32.0,1,,Brick,Fully equipped,Central,19.20,23,13.4, Centras
"Griunvaldo g., 1 room flat for rent",350.0,10.0,35.0,1,,Block house,Fully equipped,Central,nan,23,28.5, Centras
"Alsėdžių g., 2 rooms flat for rent",400.0,12.5,32.0,2,1992.0,Brick,Fully equipped,Central,28.48,23,5.8, Aukštieji Šančiai
"Vilniaus g., 1 room flat for rent",500.0,12.2,41.13,1,,Brick,Fully equipped,Central,43.60,23,13.5, Centras
"Partizanų g., 2 rooms flat for rent",490.0,11.1,44.0,2,1973.0,Block house,Fully equipped,Central,41.80,23,16.0, Dainava
"Karaliaus Mindaugo pr., 1 room flat for rent",700.0,24.1,29.07,1,1956.0,Brick,Fully equipped,Gas,nan,23,12.3, Centras
"K. Donelaičio g., 1 room flat for rent",455.0,11.3,40.2,1,1973.0,Brick,Fully equipped,"Central, electric, central thermostat",69.55,23,28.3, Centras
"Taikos pr., 1 room flat for rent",350.0,19.4,18.0,1,1968.0,Block house,Fully equipped,Central,12.96,23,8.2, Dainava
"V. Putvinskio g., Room rent 9 rooms in a flat",140.0,0.2,600.0,9,1936.0,Brick,Fully equipped,Central,852.00,23,23.1, Centras
"Jonavos g., Room rent",360.0,13.8,26.0,1,1988.0,Brick,Fully equipped,Central,34.06,23,15.7, Senamiestis
"Gražinos g., 2 rooms flat for rent",500.0,10.0,50.0,2,1981.0,Brick,Fully equipped,Central,61.50,23,11.0, Žaliakalnis
"Kovo 11-osios g., 2 rooms flat for rent",550.0,12.8,43.0,2,1970.0,Block house,Fully equipped,Central,38.27,23,18.7, Dainava
"Geležinio Vilko g., 2 rooms flat for rent",460.0,9.8,47.0,2,1979.0,Block house,Fully equipped,Central,nan,23,14.8, Kalniečiai
"Rietavo g., 3 rooms flat for rent",600.0,9.2,65.0,3,1995.0,Brick,Fully equipped,Electric,nan,23,9.5, Šilainiai
"Žaibo g., 2 rooms flat for rent",560.0,17.5,32.0,2,2022.0,Brick,Fully equipped,Central thermostat,15.04,23,5.1, Šilainiai
"Taikos pr., 1 room flat for rent",500.0,18.5,27.0,1,1971.0,Brick,Fully equipped,Central,36.45,23,8.5, Dainava
"A. Smetonos al., 3 rooms flat for rent",760.0,10.9,70.0,3,1936.0,Brick,Fully equipped,Gas,nan,23,3.2, Panemunė
"M. Daukšos g., 2 rooms flat for rent",690.0,12.3,56.0,2,1840.0,Brick,Fully equipped,Central,54.32,23,17.3, Senamiestis
"Giedros g., 2 rooms flat for rent",550.0,13.8,40.0,2,,Brick,Fully equipped,Aerothermal,nan,23,4.6, Šilainiai
"S. Žukausko g., 1 room flat for rent",400.0,11.1,36.0,1,1990.0,Monolithic,Fully equipped,Central,60.12,23,15.6, Eiguliai
"Kęstučio g., 2 rooms flat for rent",800.0,15.4,52.0,2,,Monolithic,Fully equipped,"Central, central thermostat",47.32,23,23.2, Centras
"Partizanų g., 3 rooms flat for rent",600.0,9.4,64.0,3,1969.0,Brick,Fully equipped,Central,55.04,23,19.0, Dainava
"Tyrlaukio g., 3 rooms flat for rent",800.0,12.5,64.0,3,2025.0,Brick,Fully equipped,Gas,nan,23,0.8, Šilainiai
"A. Baranausko g., 2 rooms flat for rent",480.0,9.1,53.0,2,1993.0,Brick,Fully equipped,Central,56.18,23,8.1, Žaliakalnis
"Draugystės g., 3 rooms flat for rent",650.0,8.8,73.7,3,1985.0,Brick,Fully equipped,Central,nan,23,15.9, Dainava
"V. Krėvės pr., 2 rooms flat for rent",500.0,11.4,44.0,2,1970.0,Block house,Fully equipped,Central,37.84,23,18.0, Dainava
"Partizanų g., 1 room flat for rent",490.0,14.0,35.0,1,1980.0,Brick,Fully equipped,Central,40.60,23,19.0, Dainava
"A. Stulginskio g., 3 rooms flat for rent",1400.0,21.5,65.0,3,2025.0,Brick,Fully equipped,"Electric, gas",nan,23,8.7, Vilijampolė
"Naujakurių g., 2 rooms flat for rent",600.0,13.3,45.0,2,2018.0,Brick,Fully equipped,Central,17.55,23,3.6, Šilainiai
"Vytauto pr., 3 rooms flat for rent",850.0,14.2,60.0,3,,Brick,Fully equipped,Central,36.60,23,12.5, Centras
"Šiaurės pr., 2 rooms flat for rent",420.0,8.4,50.0,2,1986.0,Block house,Fully equipped,Central,nan,23,10.6, Eiguliai
"Lazūnų g., 2 rooms flat for rent",990.0,18.3,54.0,2,2023.0,Brick,Fully equipped,Central thermostat,nan,23,2.9, Žaliakalnis
"Kalniečių g., 1 room flat for rent",380.0,13.6,28.0,1,1986.0,Brick,Fully equipped,Central,41.16,23,8.0, Žaliakalnis
"Taikos pr., 2 rooms flat for rent",400.0,7.5,53.0,2,1970.0,Block house,Fully equipped,Central,48.76,23,11.0, Dainava
"A. Stulginskio g., 2 rooms flat for rent",550.0,12.2,45.0,2,,Brick,Fully equipped,Central,35.55,23,14.0, Vilijampolė
"E. Ožeškienės g., 2 rooms flat for rent",700.0,16.3,43.0,2,1936.0,Brick,Fully equipped,Central,50.31,23,19.4, Centras
"Panerių g., 3 rooms flat for rent",680.0,6.5,105.0,3,2000.0,Brick,Fully equipped,Gas,nan,23,3.5, Vilijampolė
"Žemaičių g., 2 rooms flat for rent",600.0,14.0,43.0,2,2022.0,Brick,Fully equipped,Central thermostat,17.63,23,10.7, Žaliakalnis
"Europos pr., 2 rooms flat for rent",700.0,15.1,46.4,2,2023.0,Monolithic,Fully equipped,Central thermostat,17.17,23,3.6, Freda
"Šiaurės pr., Room rent",195.0,10.8,18.0,1,1991.0,Brick,Fully equipped,Central,nan,23,15.0, Eiguliai
"A. Baranausko g., 2 rooms flat for rent",400.0,11.4,35.0,2,1971.0,Brick,Fully equipped,Central,42.00,23,9.2, Gričiupis
"Naujakurių g., 2 rooms flat for rent",600.0,11.5,52.0,2,,Block house,Fully equipped,Central,22.36,23,3.1, Šilainiai
"Šiaurės pr., 2 rooms flat for rent",450.0,8.8,51.0,2,1980.0,Block house,Fully equipped,Central,59.16,23,11.4, Kalniečiai
"Gedimino g., 2 rooms flat for rent",1000.0,20.6,48.5,2,2018.0,Brick,Fully equipped,Central thermostat,nan,23,14.0, Centras
"Vandžiogalos pl., 2 rooms flat for rent",550.0,11.0,50.0,2,1973.0,Brick,Fully equipped,Central,56.50,23,2.1, Sargėnai
"A. Juozapavičiaus pr., 2 rooms flat for rent",620.0,9.6,64.89,2,,Brick,Fully equipped,Central thermostat,36.99,23,5.8, Žemieji Šančiai
"Prancūzų g., 2 rooms flat for rent",450.0,10.0,45.0,2,1986.0,Monolithic,Fully equipped,Central,42.30,23,3.0, Aukštieji Šančiai
"S. Daukanto g., 1 room flat for rent",690.0,19.2,36.0,1,1974.0,Brick,Fully equipped,Central,29.88,23,30.4, Centras
"Antagynės g., 3 rooms flat for rent",750.0,12.1,62.0,3,2015.0,Brick,Fully equipped,Gas,nan,23,0.7, Žemutiniai Kaniūkai
"Kovo 11-osios g., 1 room flat for rent",320.0,11.2,28.62,1,1974.0,Block house,Fully equipped,Central,24.33,23,22.8, Dainava
"Partizanų g., 2 rooms flat for rent",580.0,17.1,34.0,2,2022.0,Brick,Fully equipped,Central thermostat,11.56,23,9.7, Dainava
"Partizanų g., 1 room flat for rent",290.0,16.1,18.0,1,1984.0,Block house,Fully equipped,Central,17.64,23,18.5, Dainava
"Aušros g., 4 rooms flat for rent",1500.0,11.9,126.0,4,2008.0,Brick,Fully equipped,Central thermostat,89.46,23,11.1, Žaliakalnis
"Vokiečių g., 2 rooms flat for rent",800.0,12.7,63.0,2,2022.0,Brick,Fully equipped,Central thermostat,nan,23,1.0, Žemieji Šančiai
"Vandžiogalos pl., 1 room flat for rent",390.0,10.8,36.0,1,1990.0,Brick,Fully equipped,Central,nan,23,2.2, Sargėnai
"Sukilėlių pr., Room rent",230.0,13.5,17.0,1,1987.0,Block house,Fully equipped,"Central, sun energy",15.47,23,8.4, Eiguliai
"Europos pr., 2 rooms flat for rent",600.0,15.4,39.0,2,,Brick,Fully equipped,Electric,nan,23,1.2, Aleksotas
"Partizanų g., 1 room flat for rent",349.0,11.6,30.0,1,1973.0,Block house,Fully equipped,Central,35.40,23,14.8, Dainava
"B. Sruogos g., 2 rooms flat for rent",650.0,9.6,67.45,2,,Brick,Fully equipped,Gas,nan,23,6.6, Žaliakalnis
"Vilniaus g., 2 rooms flat for rent",499.0,9.2,54.0,2,1920.0,Brick,Fully equipped,Central,59.40,23,17.1, Senamiestis
"Kovo 11-osios g., 2 rooms flat for rent",300.0,6.0,50.0,2,1983.0,Block house,Fully equipped,Central,nan,23,18.8, Dainava
"Varnių g., 1 room flat for rent",349.0,12.5,28.0,1,1967.0,Brick,Fully equipped,Central,42.00,23,13.5, Vilijampolė
"Šiaurės pr., 2 rooms flat for rent",385.0,6.9,56.0,2,1986.0,Block house,Fully equipped,Central,nan,23,6.9, Kalniečiai
"Partizanų g., 2 rooms flat for rent",500.0,8.9,56.0,2,1976.0,Brick,Fully equipped,Central,49.84,23,11.0, Dainava
"K. Donelaičio g., 2 rooms flat for rent",650.0,12.3,53.0,2,1957.0,Brick,Fully equipped,Gas,nan,23,26.7, Centras
"Parodos g., 2 rooms flat for rent",650.0,10.9,59.61,2,1918.0,Brick,Fully equipped,Central,75.70,23,23.2, Centras
"A. Juozapavičiaus pr., 2 rooms flat for rent",730.0,16.6,44.0,2,2023.0,Monolithic,Fully equipped,Central thermostat,nan,23,3.2, Žemieji Šančiai
"Laisvės al., 1 room flat for rent",580.0,16.6,35.0,1,,Brick,Fully equipped,Gas,nan,23,20.8, Centras
"Vytauto pr., 2 rooms flat for rent",500.0,11.1,45.0,2,1990.0,Brick,Fully equipped,Central,nan,23,33.7, Centras
"Ukmergės g., 1 room flat for rent",400.0,11.4,35.0,1,1997.0,Block house,Fully equipped,Central,nan,23,12.0, Eiguliai
"A. Mickevičiaus g., 3 rooms flat for rent",950.0,11.9,80.0,3,1950.0,Brick,Fully equipped,Central,80.80,23,13.8, Centras
"A. Juozapavičiaus pr., 2 rooms flat for rent",1000.0,16.1,62.0,2,2022.0,Monolithic,Fully equipped,"Central, central thermostat",39.06,23,2.5, Žemieji Šančiai
"V. Krėvės pr., 1 room flat for rent",480.0,12.6,38.0,1,2010.0,Block house,Fully equipped,Electric,19.38,23,18.8, Dainava
"V. Krėvės pr., 1 room flat for rent",400.0,13.4,29.75,1,1992.0,Block house,Fully equipped,Central,22.91,23,22.2, Dainava
"Karaliaus Mindaugo pr., 2 rooms flat for rent",870.0,17.8,48.96,2,1985.0,Brick,Fully equipped,Central,57.77,23,25.7, Centras
"T. Ivanausko g., 3 rooms flat for rent",890.0,14.8,60.0,3,1997.0,Brick,Fully equipped,Gas,nan,23,0.5, Aleksotas
"V. Krėvės pr., Room rent",119.0,7.0,17.0,1,1967.0,Block house,Fully equipped,Central,13.43,23,16.8, Dainava
"Rietavo g., 1 room flat for rent",370.0,10.0,37.0,1,1987.0,Block house,Fully equipped,Central,36.63,23,10.3, Šilainiai
"Šarkuvos g., 2 rooms flat for rent",500.0,13.9,36.0,2,1988.0,Block house,Fully equipped,Central,40.68,23,11.2, Šilainiai
"Kovo 11-osios g., 2 rooms flat for rent",350.0,8.0,44.0,2,,Block house,Fully equipped,Central,40.04,23,13.2, Dainava
"Ašmenos 1-oji g., 2 rooms flat for rent",750.0,13.2,56.91,2,2011.0,Brick,Fully equipped,Central thermostat,nan,23,1.5, Aukštieji Šančiai
"H. ir O. Minkovskių g., 2 rooms flat for rent",750.0,19.7,38.0,2,2024.0,Brick,Fully equipped,Central thermostat,15.96,23,1.0, Aleksotas
"V. Landsbergio-Žemkalnio g., 1 room flat for rent",450.0,13.6,33.0,1,1978.0,Block house,Fully equipped,Central,nan,23,8.4, Kalniečiai
"Chemijos g., 2 rooms flat for rent",620.0,13.8,45.0,2,2024.0,Brick,Fully equipped,Electric,nan,23,9.3, Dainava
"Jurbarko g., 2 rooms flat for rent",380.0,12.7,30.0,2,1940.0,Other,Fully equipped,Gas,nan,23,9.8, Vilijampolė
"J. Grušo g., 3 rooms flat for rent",700.0,9.0,78.0,3,2000.0,Brick,Fully equipped,Central,nan,23,6.7, Šilainiai
"Baltų pr., 3 rooms flat for rent",690.0,11.5,60.0,3,2008.0,Brick,Fully equipped,Central,27.00,23,3.1, Šilainiai
"Baltijos g., Room rent 2 rooms in a flat",450.0,8.3,54.0,2,1988.0,Block house,Fully equipped,Central,56.70,23,9.4, Šilainiai
"Girios g., 2 rooms flat for rent",590.0,11.1,53.0,2,2014.0,Brick,Fully equipped,Gas,nan,23,0.5, Romainiai
"Europos pr., 1 room flat for rent",250.0,13.9,18.0,1,2024.0,Brick,Fully equipped,Aerothermal,nan,23,1.2, Aleksotas
"Varnių g., 2 rooms flat for rent",525.0,12.5,42.0,2,1964.0,Brick,Fully equipped,Central,47.88,23,12.7, Vilijampolė
"Europos pr., 2 rooms flat for rent",450.0,16.1,28.0,2,2024.0,Brick,Fully equipped,Aerothermal,nan,23,1.2, Aleksotas
"Žuvinto g., 2 rooms flat for rent",600.0,10.9,55.0,2,2008.0,Brick,Fully equipped,Central,33.00,23,2.8, Žaliakalnis
"J. Žemgulio g., 1 room flat for rent",450.0,13.6,33.0,1,1986.0,Brick,Fully equipped,Central,9.24,23,16.6, Žaliakalnis
"D. Poškos g., Room rent",300.0,13.0,23.0,1,2002.0,Brick,Fully equipped,Central,18.86,23,17.6, Senamiestis
"Kovo 11-osios g., 2 rooms flat for rent",395.0,9.0,44.0,2,1970.0,Block house,Fully equipped,Central,40.48,23,15.7, Dainava
"Veiverių g., 2 rooms flat for rent",500.0,12.2,41.0,2,1952.0,Brick,Fully equipped,Central,56.17,23,3.7, Aleksotas
"Baltijos g., 3 rooms flat for rent",500.0,7.6,66.0,3,1991.0,Block house,Fully equipped,Central,79.20,23,9.5, Šilainiai
"S. Žukausko g., 2 rooms flat for rent",400.0,8.2,49.0,2,1980.0,Block house,Fully equipped,Central,59.29,23,16.4, Eiguliai
"Voveraičių g., Room rent",310.0,5.2,60.0,1,,Brick,Fully equipped,Gas,nan,23,3.5, Žaliakalnis
"A. Juozapavičiaus pr., 2 rooms flat for rent",600.0,12.0,50.0,2,2010.0,Brick,Fully equipped,Geothermal,nan,23,9.2, Aukštieji Šančiai
"D. Poškos g., 1 room flat for rent",650.0,16.7,39.0,1,1990.0,Brick,Fully equipped,Electric,31.98,23,17.6, Senamiestis
"Chemijos g., 1 room flat for rent",310.0,15.5,20.0,1,1980.0,Brick,Fully equipped,Central,23.40,23,15.6, Dainava
"Pramonės pr., 3 rooms flat for rent",550.0,8.2,67.0,3,1968.0,Block house,Fully equipped,Central,53.60,23,10.1, Dainava
"Totorių g., 3 rooms flat for rent",700.0,9.0,78.0,3,,Brick,Fully equipped,Electric,46.80,23,8.0, Žaliakalnis
"Ukmergės g., 2 rooms flat for rent",395.0,7.9,50.0,2,1980.0,Block house,Fully equipped,Central,60.50,23,14.6, Eiguliai
"R. Kalantos g., 2 rooms flat for rent",300.0,7.7,39.0,2,1980.0,Brick,Fully equipped,Central,40.56,23,9.1, Petrašiūnai
"Karaliaus Mindaugo pr., 1 room flat for rent",700.0,24.1,29.07,1,1956.0,Brick,Fully equipped,Gas,nan,23,12.3, Centras
"K. Donelaičio g., 1 room flat for rent",455.0,11.3,40.2,1,1973.0,Brick,Fully equipped,"Central, electric, central thermostat",69.55,23,28.3, Centras
"Pašilės g., 2 rooms flat for rent",600.0,12.5,48.0,2,1966.0,Block house,Fully equipped,Central,46.56,23,16.5, Gričiupis
"Perkūno al., 2 rooms flat for rent",599.0,17.1,35.0,2,1939.0,Brick,Fully equipped,Aerothermal,nan,23,2.2, Žaliakalnis
"A. Smetonos al., 2 rooms flat for rent",400.0,9.1,44.0,2,1966.0,Brick,Fully equipped,Central,55.88,23,3.3, Panemunė
"Taikos pr., 2 rooms flat for rent",599.0,13.7,43.72,2,1970.0,Block house,Fully equipped,Central,41.97,23,8.7, Dainava
"J. Lukšos-Daumanto g., 1 room flat for rent",450.0,14.2,31.79,1,1987.0,Brick,Fully equipped,Central,31.15,23,6.5, Žaliakalnis
"Pramonės pr., 2 rooms flat for rent",400.0,9.2,43.29,2,1964.0,Brick,Fully equipped,Central,54.11,23,11.6, Dainava
"Šarkuvos g., 2 rooms flat for rent",450.0,8.0,56.0,2,1992.0,Monolithic,Fully equipped,Central,71.68,23,9.9, Šilainiai
"M. K. Čiurlionio g., 2 rooms flat for rent",550.0,9.8,56.0,2,1956.0,Brick,Fully equipped,Gas,nan,23,13.3, Centras
"Baltų pr., 3 rooms flat for rent",430.0,7.0,61.0,3,1992.0,Block house,Fully equipped,Central,53.07,23,9.7, Šilainiai
"Vandžiogalos pl., 1 room flat for rent",300.0,10.0,30.0,1,1992.0,Brick,Fully equipped,Central,34.20,23,2.2, Sargėnai
"Kovo 11-osios g., 1 room flat for rent",200.0,11.1,18.0,1,1982.0,Brick,Fully equipped,Central,14.76,23,17.7, Dainava
"J. Grušo g., 1 room flat for rent",240.0,20.0,12.0,1,1982.0,Block house,Fully equipped,Central,13.56,23,9.4, Šilainiai
"Partizanų g., Room rent",129.0,8.6,15.0,1,1962.0,Block house,Fully equipped,Central,13.50,23,20.2, Dainava
"Šiaurės pr., 2 rooms flat for rent",379.0,10.2,37.0,2,1978.0,Block house,Fully equipped,Central,41.44,23,8.2, Kalniečiai
"Baltijos g., 2 rooms flat for rent",430.0,8.6,50.0,2,1991.0,Brick,Fully equipped,Central,35.00,23,6.4, Šilainiai
"Žuvinto g., 1 room flat for rent",380.0,11.9,32.0,1,1980.0,Brick,Fully equipped,Gas,nan,23,2.5, Gričiupis
"Sukilėlių pr., 1 room flat for rent",390.0,10.7,36.47,1,1981.0,Block house,Fully equipped,Central,42.31,23,14.3, Eiguliai
"Europos pr., 2 rooms flat for rent",680.0,16.1,42.3,2,2023.0,Block house,Fully equipped,Central thermostat,11.84,23,3.5, Freda
"P. Plechavičiaus g., 2 rooms flat for rent",500.0,8.9,56.21,2,1984.0,Monolithic,Fully equipped,Central,58.46,23,15.1, Eiguliai
"J. Grušo g., 2 rooms flat for rent",650.0,12.9,50.47,2,2024.0,Brick,Fully equipped,Central,nan,23,8.7, Šilainiai
"J. Grušo g., 3 rooms flat for rent",750.0,11.4,65.65,3,2024.0,Brick,Fully equipped,Central,nan,23,8.7, Šilainiai
"I. Kanto g., 2 rooms flat for rent",1400.0,20.9,67.0,2,2009.0,Other,Fully equipped,Gas,41.54,23,19.9, Centras
"Baltų pr., 3 rooms flat for rent",520.0,8.1,64.0,3,1989.0,Block house,Fully equipped,Central,64.00,23,3.0, Šilainiai
"Raktažolių g., 2 rooms flat for rent",700.0,12.7,55.0,2,2025.0,Brick,Fully equipped,Electric,nan,23,0.8, Amaliai
"K. Genio g., 4 rooms flat for rent",950.0,12.1,78.5,4,1977.0,Brick,Fully equipped,Central,58.88,23,7.8, Žaliakalnis
"Brastos g., 2 rooms flat for rent",850.0,16.7,50.78,2,2023.0,Monolithic,Fully equipped,Central thermostat,15.74,23,3.4, Vilijampolė
"Baltų pr., 2 rooms flat for rent",420.0,9.3,45.0,2,1991.0,Block house,Fully equipped,Central,45.00,23,10.7, Šilainiai
"Prancūzų g., 1 room flat for rent",400.0,14.8,27.0,1,1969.0,Brick,Fully equipped,Central,24.57,23,8.9, Aukštieji Šančiai
"Vytauto pr., 2 rooms flat for rent",730.0,14.9,49.0,2,,Brick,Fully equipped,Central,nan,23,15.9, Centras
"Vilniaus g., 3 rooms flat for rent",880.0,11.8,74.45,3,1929.0,Brick,Fully equipped,Central thermostat,65.52,23,17.3, Senamiestis
"Varnių g., 2 rooms flat for rent",500.0,11.9,42.0,2,1965.0,Brick,Fully equipped,Central,47.88,23,12.7, Vilijampolė
"Sukilėlių pr., Room rent",198.0,9.9,20.0,1,1980.0,Block house,Fully equipped,Central,nan,23,9.8, Eiguliai
"Naručio g., 2 rooms flat for rent",690.0,13.8,50.0,2,1990.0,Brick,Fully equipped,Central,37.00,23,6.0, Žaliakalnis
"A. Smetonos al., 2 rooms flat for rent",450.0,11.8,38.0,2,1978.0,Brick,Fully equipped,Central,48.26,23,3.3, Panemunė
"Romainių g., 2 rooms flat for rent",500.0,10.0,50.0,2,,Brick,Fully equipped,"Central, gas",nan,23,2.2, Romainiai
"Šarkuvos g., 1 room flat for rent",400.0,16.7,24.0,1,,Monolithic,Fully equipped,Central,16.08,23,9.7, Šilainiai
"Kulvos g., 3 rooms flat for rent",600.0,11.1,54.0,3,1968.0,Brick,Fully equipped,Central,53.46,23,8.5, Vilijampolė
"Šiaurės pr., 2 rooms flat for rent",380.0,10.3,37.0,2,1978.0,Block house,Fully equipped,Central,41.44,23,8.2, Kalniečiai
"Taikos pr., 2 rooms flat for rent",790.0,14.4,55.0,2,2021.0,Brick,Fully equipped,Central thermostat,22.00,23,15.3, Dainava
"Gedimino g., 2 rooms flat for rent",620.0,20.0,31.0,2,,Brick,Fully equipped,"Aerothermal, gas",28.52,23,20.5, Centras
"Veiverių g., 1 room flat for rent",480.0,17.8,27.0,1,1920.0,Brick,Fully equipped,Gas,nan,23,1.7, Aleksotas
"Šeštokų g., 3 rooms flat for rent",750.0,14.2,53.0,3,2018.0,Brick,Fully equipped,Central thermostat,nan,23,5.0, Aleksotas
"Ateities pl., 1 room flat for rent",420.0,11.7,36.0,1,,Brick,Fully equipped,Gas,nan,23,0.4, Amaliai
"Tunelio g., 2 rooms flat for rent",450.0,15.0,30.0,2,1939.0,Wooden house,Fully equipped,"Central, gas",nan,23,2.5, Centras
"Saulėgrąžų g., 3 rooms flat for rent",850.0,11.8,72.0,3,2008.0,Brick,Fully equipped,Central thermostat,nan,23,3.3, Freda
"Pramonės pr., 1 room flat for rent",350.0,19.4,18.0,1,1976.0,Brick,Fully equipped,Central,21.06,23,21.7, Dainava
"Prancūzų g., 3 rooms flat for rent",600.0,10.7,56.0,3,1970.0,Brick,Fully equipped,Central,nan,23,8.9, Aukštieji Šančiai
"Kalniečių g., 1 room flat for rent",380.0,13.6,28.0,1,1986.0,Brick,Fully equipped,Central,41.16,23,8.0, Žaliakalnis
"Taikos pr., 1 room flat for rent",530.0,19.6,27.0,1,2024.0,Brick,Fully equipped,Central thermostat,nan,23,9.0, Dainava
"Kauko al., 1 room flat for rent",470.0,26.1,18.0,1,,Brick,Fully equipped,Electric,nan,23,22.3, Žaliakalnis
"V. Krėvės pr., 1 room flat for rent",280.0,9.3,30.0,1,1966.0,Block house,Fully equipped,Central,23.70,23,9.3, Dainava
"Darbininkų g., 2 rooms flat for rent",600.0,17.1,35.0,2,2024.0,Brick,Fully equipped,Gas,nan,23,3.0, Žaliakalnis
"A. Smetonos al., 1 room flat for rent",420.0,12.4,34.0,1,1976.0,Brick,Fully equipped,Central,44.54,23,3.0, Panemunė
"Kovo 11-osios g., 3 rooms flat for rent",450.0,9.0,50.0,3,1980.0,Block house,Fully equipped,Central,40.50,23,11.0, Dainava
"Kulvos g., 2 rooms flat for rent",450.0,8.8,51.0,2,1969.0,Brick,Fully equipped,Central,48.45,23,8.0, Vilijampolė
"Prancūzų g., 2 rooms flat for rent",500.0,9.6,52.0,2,2000.0,Brick,Fully equipped,Central,63.96,23,7.2, Aukštieji Šančiai
"Ulonų g., 2 rooms flat for rent",600.0,13.3,45.0,2,2025.0,Brick,Fully equipped,Gas,nan,23,0.9, Aleksotas
"Baltijos g., 2 rooms flat for rent",410.0,8.0,51.0,2,1990.0,Brick,Fully equipped,Central,nan,23,7.9, Šilainiai
"Kęstučio g., 1 room flat for rent",600.0,19.4,31.0,1,,Brick,Fully equipped,Central,15.81,23,19.2, Centras
"Kuršių g., 1 room flat for rent",450.0,12.2,37.0,1,1988.0,Brick,Fully equipped,Central,36.26,23,5.6, Šilainiai
"A. Juozapavičiaus pr., 2 rooms flat for rent",650.0,11.6,56.0,2,,Brick,Fully equipped,Central thermostat,31.92,23,5.8, Žemieji Šančiai
"A. Juozapavičiaus pr., 1 room flat for rent",300.0,12.0,25.0,1,2000.0,Brick,Fully equipped,Gas,nan,23,3.7, Žemieji Šančiai
"Šiaurės pr., 2 rooms flat for rent",450.0,9.0,50.0,2,1980.0,Block house,Fully equipped,Central,nan,23,13.8, Kalniečiai
"Kovo 11-osios g., 2 rooms flat for rent",500.0,11.4,44.0,2,1970.0,Block house,Fully equipped,Central,41.36,23,23.2, Dainava
"Vytauto pr., 2 rooms flat for rent",600.0,15.4,39.0,2,,Brick,Fully equipped,Central,23.79,23,12.5, Centras
"V. Krėvės pr., 1 room flat for rent",310.0,16.8,18.4,1,1968.0,Brick,Fully equipped,Central,16.74,23,17.2, Dainava
"Europos pr., 2 rooms flat for rent",699.0,16.6,42.0,2,2023.0,Block house,Fully equipped,Central thermostat,15.54,23,3.6, Freda
"Kalniečių g., 1 room flat for rent",170.0,10.0,17.0,1,1974.0,Brick,Fully equipped,Central,22.61,23,12.2, Žaliakalnis
"Sukilėlių pr., Room rent",200.0,11.1,18.0,1,1980.0,Block house,Fully equipped,Central,20.88,23,14.3, Kalniečiai
"Šiaurės pr., Room rent 3 rooms in a flat",190.0,3.0,63.0,3,1986.0,Block house,Fully equipped,Central,68.04,23,13.7, Eiguliai
"Kęstučio g., 3 rooms flat for rent",750.0,13.6,55.0,3,1910.0,Brick,Fully equipped,Central,60.50,23,23.3, Centras
"V. Landsbergio-Žemkalnio g., 1 room flat for rent",450.0,13.6,33.0,1,1978.0,Block house,Fully equipped,Central,nan,23,8.4, Kalniečiai
"Chemijos g., 2 rooms flat for rent",620.0,13.8,45.0,2,2024.0,Brick,Fully equipped,Electric,nan,23,9.3, Dainava
"Baltų pr., 2 rooms flat for rent",530.0,10.4,51.0,2,1993.0,Block house,Fully equipped,Central,45.39,23,3.3, Šilainiai
"J. Basanavičiaus al., 1 room flat for rent",400.0,13.3,30.0,1,1968.0,Brick,Fully equipped,Central,31.80,23,18.8, Dainava
"Vilniaus g., 1 room flat for rent",380.0,12.7,30.0,1,1930.0,Brick,Fully equipped,Central,nan,23,14.8, Senamiestis
"M. Daukšos g., 1 room flat for rent",480.0,13.0,37.0,1,1920.0,Brick,Fully equipped,Central,27.01,23,17.0, Senamiestis
"Šv. Gertrūdos g., 2 rooms flat for rent",500.0,9.2,54.53,2,1989.0,Brick,Fully equipped,Central,47.44,23,17.5, Centras
"S. Žukausko g., 1 room flat for rent",350.0,9.7,36.0,1,1990.0,Monolithic,Fully equipped,Central,60.12,23,15.6, Eiguliai
"Baltijos g., 2 rooms flat for rent",450.0,9.0,50.0,2,1992.0,Brick,Fully equipped,Central,nan,23,6.6, Šilainiai
"Elektrėnų g., 1 room flat for rent",260.0,11.8,22.0,1,1982.0,Block house,Fully equipped,Electric,nan,23,2.6, Petrašiūnai
"Žemaičių g., 1 room flat for rent",295.0,13.4,22.0,1,2022.0,Brick,Fully equipped,"Electric, central thermostat",9.02,23,10.7, Žaliakalnis
"A. ir J. Gravrogkų g., 1 room flat for rent",220.0,18.3,12.0,1,1982.0,Brick,Fully equipped,Central,12.84,23,14.2, Dainava
"Apuolės g., 3 rooms flat for rent",400.0,10.0,40.0,3,2023.0,Brick,Fully equipped,Electric,nan,23,5.6, Šilainiai
"Apuolės g., 2 rooms flat for rent",360.0,14.4,25.0,2,,Brick,Fully equipped,Electric,nan,23,5.6, Šilainiai
"Žemaičių g., 2 rooms flat for rent",395.0,12.3,32.0,2,,Brick,Fully equipped,Electric,nan,23,10.2, Žaliakalnis
"V. Krėvės pr., Room rent",120.0,7.5,16.0,1,1996.0,Brick,Fully equipped,Central,nan,23,8.2, Dainava
"Raudondvario pl., 1 room flat for rent",220.0,18.3,12.0,1,1940.0,Brick,Fully equipped,Central,16.32,23,9.1, Vilijampolė
"Kovo 11-osios g., 1 room flat for rent",400.0,14.0,28.62,1,1968.0,Block house,Fully equipped,Central,26.90,23,23.2, Dainava
"V. Krėvės pr., 3 rooms flat for rent",549.0,11.2,49.0,3,1971.0,Block house,Fully equipped,Central,45.57,23,12.9, Dainava
"Baltijos g., 2 rooms flat for rent",379.0,7.7,49.0,2,1990.0,Brick,Fully equipped,Central,47.04,23,6.9, Šilainiai
"Pramonės pr., 2 rooms flat for rent",449.0,9.4,48.0,2,1978.0,Block house,Fully equipped,Central,41.28,23,13.9, Dainava
"P. Plechavičiaus g., 2 rooms flat for rent",399.0,8.0,50.0,2,1976.0,Block house,Fully equipped,Central,51.50,23,15.0, Kalniečiai
"T. Masiulio g., 3 rooms flat for rent",349.0,6.5,54.0,3,,Brick,Fully equipped,Gas,nan,23,10.1, Petrašiūnai
"R. Kalantos g., 1 room flat for rent",349.0,13.4,26.0,1,1965.0,Brick,Fully equipped,Central,25.74,23,7.8, Petrašiūnai
"Partizanų g., 1 room flat for rent",349.0,11.6,30.0,1,1973.0,Block house,Fully equipped,Central,35.40,23,14.8, Dainava
"B. Sruogos g., 2 rooms flat for rent",650.0,9.6,67.45,2,,Brick,Fully equipped,Gas,nan,23,6.6, Žaliakalnis
"Vilniaus g., 2 rooms flat for rent",499.0,9.2,54.0,2,1920.0,Brick,Fully equipped,Central,59.40,23,17.1, Senamiestis
"K. Baršausko g., 1 room flat for rent",290.0,18.1,16.0,1,1965.0,Monolithic,Fully equipped,Central,22.88,23,14.2, Dainava
"Trakų g., Room rent",290.0,16.1,18.0,1,1930.0,Brick,Fully equipped,Gas,1.62,23,7.2, Centras
"Maironio g., 2 rooms flat for rent",650.0,19.1,34.0,2,1950.0,Brick,Fully equipped,Central,nan,23,27.4, Centras
"Studentų g., 2 rooms flat for rent",499.0,16.6,30.0,2,1982.0,Brick,Fully equipped,"Central, gas",27.60,23,11.5, Gričiupis
"Šv. Gertrūdos g., 8 rooms flat for rent",349.0,3.5,100.0,8,1926.0,Brick,Fully equipped,Gas,nan,23,18.0, Senamiestis
"Partizanų g., 2 rooms flat for rent",500.0,10.1,49.67,2,1974.0,Block house,Fully equipped,Central,54.64,23,23.4, Dainava
"K. Donelaičio g., Room rent",200.0,16.7,12.0,1,1960.0,Brick,Fully equipped,Central,nan,23,19.0, Centras
"A. Mickevičiaus g., 4 rooms flat for rent",698.0,12.9,54.0,4,1960.0,Brick,Fully equipped,Central,80.46,23,20.3, Centras
"V. Putvinskio g., Room rent 8 rooms in a flat",135.0,0.2,600.0,8,1930.0,Brick,Fully equipped,"Central, electric",852.00,23,23.1, Centras
"A. Juozapavičiaus pr., 1 room flat for rent",470.0,10.0,47.0,1,2011.0,Brick,Fully equipped,Central thermostat,32.90,23,7.3, Žemieji Šančiai
"Vydūno al., 2 rooms flat for rent",450.0,11.3,40.0,2,2008.0,Brick,Fully equipped,Gas,nan,23,2.2, Žaliakalnis
"Savanorių pr., 3 rooms flat for rent",750.0,12.5,60.0,3,2007.0,Brick,Fully equipped,Gas,25.80,23,8.6, Žaliakalnis
"Pikulo g., 4 rooms flat for rent",350.0,4.5,78.0,4,1978.0,Brick,Fully equipped,Gas,nan,23,2.3, Vilijampolė
"Geležinio Vilko g., 2 rooms flat for rent",450.0,9.2,49.0,2,1978.0,Block house,Fully equipped,Central,44.59,23,12.3, Kalniečiai
"Purienų g., 3 rooms flat for rent",690.0,9.9,70.0,3,1956.0,Brick,Fully equipped,Gas,128.10,23,3.4, Žaliakalnis
"Kęstučio g., 2 rooms flat for rent",720.0,15.0,48.0,2,,Brick,Fully equipped,Central thermostat,43.68,23,23.2, Centras
"Kovo 11-osios g., 3 rooms flat for rent",690.0,11.5,60.0,3,1966.0,Block house,Fully equipped,Central,45.00,23,17.3, Dainava
"Sukilėlių pr., 1 room flat for rent",450.0,12.2,37.0,1,1993.0,Block house,Fully equipped,Central,49.21,23,6.8, Eiguliai
"Agronomijos g., Room rent",220.0,11.0,20.0,1,2018.0,Brick,Fully equipped,Gas,nan,23,2.4, Sargėnai
"Laisvės al., 3 rooms flat for rent",750.0,10.1,74.0,3,,Brick,Fully equipped,Central,63.64,23,30.6, Centras
"Partizanų g., 3 rooms flat for rent",750.0,12.5,60.0,3,1972.0,Block house,Fully equipped,Central,48.60,23,14.4, Dainava
"Savanorių pr., 3 rooms flat for rent",900.0,10.7,84.0,3,2017.0,Monolithic,Fully equipped,Central thermostat,33.60,23,11.2, Dainava
"K. Griniaus g., 3 rooms flat for rent",640.0,11.9,54.0,3,1964.0,Block house,Fully equipped,Central,46.98,23,14.7, Vilijampolė
"Sukilėlių pr., Room rent",220.0,11.0,20.0,1,1980.0,Block house,Fully equipped,Central,21.40,23,14.4, Žaliakalnis
"Vytauto pr., 2 rooms flat for rent",520.0,15.3,34.0,2,,Brick,Fully equipped,Central,17.68,23,13.2, Centras
"Rasytės g., 1 room flat for rent",370.0,10.6,35.0,1,1985.0,Block house,Fully equipped,Central,nan,23,7.2, Šilainiai
"Verkių g., 2 rooms flat for rent",700.0,16.4,42.8,2,2024.0,Brick,Fully equipped,Central,17.12,23,1.9, Aukštieji Šančiai
"A. Stulginskio g., 2 rooms flat for rent",430.0,8.4,51.0,2,1971.0,Brick,Fully equipped,Central,56.10,23,12.3, Vilijampolė
"Raudondvario pl., 2 rooms flat for rent",590.0,19.7,30.0,2,2025.0,Brick,Fully equipped,Aerothermal,nan,23,3.4, Vilijampolė
"9-ojo Forto g., 3 rooms flat for rent",830.0,13.8,60.11,3,2020.0,Block house,Fully equipped,Aerothermal,nan,23,1.0, Šilainiai
"J. Lukšos-Daumanto g., 1 room flat for rent",400.0,14.8,27.0,1,2005.0,Brick,Fully equipped,Central thermostat,nan,23,4.7, Eiguliai
"Vėtrungės g., 4 rooms flat for rent",400.0,5.0,80.0,4,1986.0,Brick,Fully equipped,Central,98.40,23,4.8, Šilainiai
"Kalniečių g., 2 rooms flat for rent",570.0,18.2,31.28,2,2021.0,Brick,Fully equipped,Gas,nan,23,10.2, Žaliakalnis
"Taikos pr., 1 room flat for rent",499.0,11.6,43.0,1,1985.0,Brick,Fully equipped,Central,29.24,23,10.0, Dainava
"Servitutų g., 3 rooms flat for rent",550.0,9.2,60.0,3,1922.0,Wooden house,Fully equipped,Gas,nan,23,3.6, Aukštieji Šančiai
"Draugystės g., 3 rooms flat for rent",600.0,9.3,64.61,3,1985.0,Monolithic,Fully equipped,Central,40.70,23,14.5, Dainava
"Puodžių g., 2 rooms flat for rent",560.0,18.7,30.0,2,2017.0,Brick,Fully equipped,Central thermostat,15.30,23,10.5, Centras
"S. Žukausko g., 3 rooms flat for rent",950.0,11.7,81.0,3,2021.0,Brick,Fully equipped,Central thermostat,34.83,23,8.9, Kalniečiai
"R. Kalantos g., 2 rooms flat for rent",480.0,9.6,50.0,2,1995.0,Brick,Fully equipped,Gas,nan,23,1.1, Petrašiūnai
"V. Krėvės pr., 2 rooms flat for rent",370.0,8.4,44.0,2,1992.0,Block house,Fully equipped,Central,nan,23,13.6, Dainava
"Ašigalio g., 2 rooms flat for rent",349.0,7.0,50.0,2,1985.0,Block house,Fully equipped,Central,54.50,23,13.0, Eiguliai
"R. Kalantos g., 4 rooms flat for rent",449.0,5.8,78.0,4,1996.0,Brick,Fully equipped,Central,95.16,23,5.0, Petrašiūnai
"P. Lukšio g., 1 room flat for rent",289.0,9.3,31.0,1,1980.0,Brick,Fully equipped,Central,29.14,23,12.4, Kalniečiai
"Kalniečių g., 1 room flat for rent",319.0,10.0,32.0,1,1986.0,Brick,Fully equipped,Central,27.52,23,3.6, Žaliakalnis
"Vilniaus g., 4 rooms flat for rent",1800.0,17.8,101.0,4,1938.0,Monolithic,Fully equipped,Central thermostat,nan,23,16.9, Senamiestis
"Laisvės al., 1 room flat for rent",560.0,24.9,22.5,1,,Brick,Fully equipped,Central,16.88,23,30.3, Centras
"Taikos pr., 1 room flat for rent",390.0,19.5,20.0,1,1971.0,Block house,Fully equipped,Central,13.60,23,10.0, Dainava
"A. Mickevičiaus g., 1 room flat for rent",350.0,16.4,21.36,1,1978.0,Block house,Fully equipped,Central,nan,23,36.0, Centras
"Rimvydo g., Room rent",139.0,11.6,12.0,1,1970.0,Brick,Fully equipped,Central,13.08,23,11.5, Žaliakalnis
"Kęstučio g., 1 room flat for rent",249.0,13.8,18.0,1,1952.0,Brick,Fully equipped,Central,12.78,23,27.2, Centras
"Tilžės g., 1 room flat for rent",149.0,8.8,17.0,1,1970.0,Brick,Fully equipped,Central,19.21,23,6.3, Vilijampolė
"Vilniaus g., 2 rooms flat for rent",650.0,17.4,37.45,2,,Brick,Fully equipped,Gas,nan,23,12.7, Centras
"Kęstučio g., 4 rooms flat for rent",950.0,11.4,83.0,4,,Brick,Fully equipped,"Central, central thermostat",47.31,23,23.0, Centras
"Vilties g., 2 rooms flat for rent",800.0,13.8,58.0,2,2018.0,Brick,Fully equipped,Gas,nan,23,3.7, Freda
"Saulės g., 3 rooms flat for rent",750.0,9.4,80.0,3,,Brick,Fully equipped,Central,44.80,23,9.3, Gričiupis
"Varnių g., 2 rooms flat for rent",650.0,10.8,60.0,2,2018.0,Brick,Fully equipped,Central thermostat,19.20,23,15.3, Vilijampolė
"A. Smetonos al., 3 rooms flat for rent",600.0,11.8,51.0,3,2023.0,Brick,Fully equipped,Central thermostat,51.00,23,3.0, Panemunė
"Tvirtovės al., 3 rooms flat for rent",650.0,9.7,67.0,3,1990.0,Brick,Fully equipped,Central,nan,23,12.6, Žaliakalnis
"V. Krėvės pr., 3 rooms flat for rent",700.0,10.9,64.0,3,1970.0,Block house,Fully equipped,Central,nan,23,12.1, Dainava
"Kalniečių g., 2 rooms flat for rent",650.0,14.4,45.0,2,2013.0,Brick,Fully equipped,Gas,nan,23,7.4, Žaliakalnis
"V. Krėvės pr., 1 room flat for rent",300.0,10.0,30.0,1,1976.0,Block house,Fully equipped,Central,27.00,23,13.9, Dainava
"Laisvės al., 1 room flat for rent",450.0,15.5,29.0,1,1996.0,Brick,Fully equipped,"Electric, other",nan,23,29.4, Centras
"D. Poškos g., 3 rooms flat for rent",1000.0,12.2,82.0,3,1900.0,Brick,Fully equipped,Gas,nan,23,14.8, Senamiestis
"Šiaurės pr., 2 rooms flat for rent",400.0,8.0,50.0,2,1976.0,Block house,Fully equipped,Central,50.00,23,11.5, Eiguliai
"Brastos g., 2 rooms flat for rent",3000.0,21.9,136.92,2,2016.0,Brick,Fully equipped,Central thermostat,46.55,23,2.0, Vilijampolė
"J. Gruodžio g., 2 rooms flat for rent",650.0,14.4,45.0,2,1995.0,Brick,Fully equipped,Gas,nan,23,15.5, Centras
"Vilniaus g., 3 rooms flat for rent",590.0,8.0,74.0,3,1957.0,Brick,Fully equipped,Central,63.64,23,15.9, Centras
"J. Puzino g., 2 rooms flat for rent",600.0,13.0,46.11,2,2024.0,Brick,Fully equipped,Aerothermal,nan,23,0.3, Romainiai
"Žvangučių g., 1 room flat for rent",300.0,13.0,23.0,1,,Brick,Fully equipped,Central thermostat,nan,23,3.5, Žaliakalnis
"Savanorių pr., 2 rooms flat for rent",580.0,16.1,36.0,2,,Brick,Fully equipped,Gas,nan,23,9.9, Žaliakalnis
"T. Daugirdo g., 3 rooms flat for rent",500.0,11.4,44.0,3,1930.0,Brick,Fully equipped,Gas,nan,23,7.0, Senamiestis
"Veiverių g., 2 rooms flat for rent",1000.0,14.7,68.0,2,,Brick,Fully equipped,Central,nan,23,3.6, Aleksotas
"Baltų pr., 1 room flat for rent",460.0,11.0,42.0,1,1989.0,Block house,Fully equipped,Central,42.84,23,5.3, Šilainiai
"S. Daukanto g., 2 rooms flat for rent",600.0,12.4,48.39,2,1958.0,Brick,Fully equipped,Central,nan,23,28.8, Centras
"Klonio g., 1 room flat for rent",350.0,14.6,24.0,1,,Brick,Fully equipped,Gas,nan,23,8.1, Žaliakalnis
"Kauko al., 2 rooms flat for rent",677.0,16.9,40.0,2,,Log house,Fully equipped,Central thermostat,nan,23,20.3, Žaliakalnis
"Šiaurės pr., 2 rooms flat for rent",400.0,11.1,36.0,2,1972.0,Block house,Fully equipped,Central,46.44,23,8.5, Dainava
"Ukmergės g., 2 rooms flat for rent",470.0,12.9,36.39,2,,Block house,Fully equipped,Central thermostat,26.93,23,15.2, Eiguliai
"V. Krėvės pr., 2 rooms flat for rent",520.0,11.8,44.0,2,1966.0,Block house,Fully equipped,Central,37.84,23,9.7, Dainava
"Lakūnų pl., 2 rooms flat for rent",600.0,20.0,30.0,2,,Brick,Fully equipped,Central thermostat,nan,23,1.1, Freda
"Griunvaldo g., 1 room flat for rent",650.0,19.7,33.0,1,1940.0,Brick,Fully equipped,Central,30.03,23,28.5, Centras
"A. Mackevičiaus g., 2 rooms flat for rent",550.0,13.8,40.0,2,2016.0,Brick,Fully equipped,Gas,nan,23,7.4, Žaliakalnis
"Svirbygalos g., 2 rooms flat for rent",700.0,16.7,42.0,2,2022.0,Brick,Fully equipped,Central,nan,23,2.1, Aleksotas
"Gražinos g., 2 rooms flat for rent",550.0,9.6,57.0,2,1992.0,Brick,Fully equipped,Central,58.71,23,18.0, Žaliakalnis
"Baltų pr., 3 rooms flat for rent",600.0,9.2,65.0,3,2006.0,Monolithic,Fully equipped,Central thermostat,43.55,23,10.3, Šilainiai
"Savanorių pr., 2 rooms flat for rent",400.0,8.9,45.0,2,1980.0,Brick,Fully equipped,Central,nan,23,10.5, Žaliakalnis
"Naujakurių g., 2 rooms flat for rent",700.0,13.2,53.0,2,1991.0,Block house,Fully equipped,Central,22.79,23,3.1, Šilainiai
"Kovo 11-osios g., 2 rooms flat for rent",499.0,11.3,44.0,2,1978.0,Block house,Fully equipped,Central,36.52,23,15.9, Dainava
"Luokės g., 2 rooms flat for rent",395.0,9.4,42.0,2,,Brick,Fully equipped,Geothermal,nan,23,8.9, Šilainiai
"V. Putvinskio g., 2 rooms flat for rent",550.0,13.1,42.0,2,1960.0,Brick,Fully equipped,Central,70.14,23,16.8, Centras
"E. Ožeškienės g., 2 rooms flat for rent",750.0,16.7,45.0,2,,Brick,Fully equipped,"Aerothermal, gas",nan,23,18.0, Centras
"Lazdynėlių g., 2 rooms flat for rent",650.0,11.8,55.0,2,2008.0,Brick,Fully equipped,Gas,nan,23,2.3, Šilainiai
"Minties Rato g., 1 room flat for rent",450.0,12.2,37.0,1,2000.0,Wooden house,Fully equipped,Gas,nan,23,2.8, Žaliakalnis
"Šiaurės pr., 1 room flat for rent",400.0,10.8,37.0,1,1978.0,Block house,Fully equipped,Central,37.37,23,7.0, Kalniečiai
"Trakų g., 2 rooms flat for rent",500.0,14.3,35.0,2,,Brick,Fully equipped,Gas,nan,23,23.7, Centras
"E. Ožeškienės g., 3 rooms flat for rent",1280.0,18.3,70.0,3,1933.0,Brick,Fully equipped,Central,53.20,23,20.4, Centras
"Mažoji g., 2 rooms flat for rent",400.0,9.5,42.0,2,1964.0,Brick,Fully equipped,Central,51.66,23,3.7, Panemunė
"Raktažolių g., 2 rooms flat for rent",700.0,12.7,55.0,2,2025.0,Brick,Fully equipped,Electric,nan,23,0.8, Amaliai
"K. Genio g., 4 rooms flat for rent",950.0,12.1,78.5,4,1977.0,Brick,Fully equipped,Central,58.88,23,7.8, Žaliakalnis
"Brastos g., 2 rooms flat for rent",850.0,16.7,50.78,2,2023.0,Monolithic,Fully equipped,Central thermostat,15.74,23,3.4, Vilijampolė
"Dysnos g., 1 room flat for rent",450.0,22.5,20.0,1,1980.0,Brick,Fully equipped,Gas,nan,23,5.9, Aukštieji Šančiai
"Girstupio g., 1 room flat for rent",430.0,20.5,21.0,1,1960.0,Brick,Fully equipped,Electric,nan,23,13.3, Centras
"Pramonės pr., 2 rooms flat for rent",370.0,9.7,38.0,2,,Brick,Fully equipped,Central thermostat,nan,23,15.3, Dainava
"V. Putvinskio g., 3 rooms flat for rent",1500.0,22.7,66.0,3,2025.0,Monolithic,Fully equipped,Central,50.16,23,20.2, Centras
"Dysnos g., 2 rooms flat for rent",590.0,16.9,35.0,2,1980.0,Brick,Fully equipped,Gas,nan,23,5.9, Aukštieji Šančiai
"Varpo g., 2 rooms flat for rent",500.0,10.2,49.0,2,1985.0,Brick,Fully equipped,Central,44.10,23,9.2, Žaliakalnis
"Kęstučio g., 1 room flat for rent",579.0,32.2,18.0,1,2018.0,Brick,Fully equipped,Central,12.24,23,26.6, Centras
"Universiteto g., 1 room flat for rent",480.0,21.8,22.0,1,,Block house,Fully equipped,Central,nan,23,1.0, Aleksotas
"V. Putvinskio g., 2 rooms flat for rent",1000.0,22.7,44.0,2,2025.0,Monolithic,Fully equipped,Central,33.44,23,20.2, Centras
"Birželio 23-iosios g., 1 room flat for rent",390.0,13.0,30.06,1,1967.0,Block house,Fully equipped,Central,21.94,23,10.3, Dainava
"Puodžių g., 2 rooms flat for rent",870.0,17.4,50.0,2,2020.0,Brick,Fully equipped,Central thermostat,25.50,23,11.1, Senamiestis
"Laisvės al., 1 room flat for rent",600.0,16.2,37.0,1,1930.0,Brick,Fully equipped,Aerothermal,nan,23,23.3, Centras
"Europos pr., 2 rooms flat for rent",600.0,11.3,53.14,2,2005.0,Brick,Fully equipped,Gas,nan,23,3.3, Freda
"Prancūzų g., 1 room flat for rent",330.0,11.4,29.0,1,1981.0,Brick,Fully equipped,Central,39.15,23,8.1, Aukštieji Šančiai
"Šv. Gertrūdos g., 2 rooms flat for rent",980.0,20.4,48.0,2,2018.0,Brick,Fully equipped,Central,21.12,23,13.3, Senamiestis
"Birželio 23-iosios g., 1 room flat for rent",390.0,12.4,31.5,1,1970.0,Block house,Fully equipped,Central,31.82,23,10.6, Dainava
"Muitinės g., 2 rooms flat for rent",690.0,13.8,50.0,2,1920.0,Brick,Fully equipped,"Electric, gas",nan,23,13.1, Senamiestis
"Taikos pr., 1 room flat for rent",450.0,15.0,30.0,1,1932.0,Wooden house,Fully equipped,"Electric, other",nan,23,19.0, Žaliakalnis
"Saulės g., 2 rooms flat for rent",520.0,10.0,51.95,2,1993.0,Brick,Fully equipped,Central,nan,23,8.7, Žaliakalnis
"Ukmergės g., 3 rooms flat for rent",800.0,13.3,60.0,3,2006.0,Brick,Fully equipped,Central thermostat,33.00,23,9.0, Eiguliai
"A. Baranausko g., 2 rooms flat for rent",550.0,10.6,52.0,2,1968.0,Brick,Fully equipped,Central,60.84,23,7.0, Žaliakalnis
"K. Donelaičio g., 3 rooms flat for rent",1150.0,10.7,107.0,3,1934.0,Brick,Fully equipped,Central,142.31,23,26.3, Centras
"Laisvės al., 1 room flat for rent",530.0,15.1,35.0,1,2006.0,Brick,Fully equipped,Electric,nan,23,29.3, Centras
"J. Tonkūno g., 2 rooms flat for rent",750.0,16.0,47.0,2,2024.0,Block house,Fully equipped,Central thermostat,5357.53,23,18.0, Dainava
"Chemijos g., 1 room flat for rent",270.0,14.2,19.0,1,1980.0,Brick,Fully equipped,Central,22.23,23,15.6, Dainava
"Aušros g., 2 rooms flat for rent",690.0,11.3,61.0,2,2005.0,Brick,Fully equipped,Central thermostat,43.31,23,11.0, Žaliakalnis
"Kauko al., 3 rooms flat for rent",800.0,12.3,65.0,3,,Log house,Fully equipped,"Central thermostat, gas",nan,23,20.3, Žaliakalnis
"Radvilėnų pl., 2 rooms flat for rent",890.0,22.3,40.0,2,2020.0,Brick,Fully equipped,"Electric, liquid",14.40,23,11.7, Žaliakalnis
"Varnių g., 2 rooms flat for rent",600.0,11.1,54.0,2,2007.0,Brick,Fully equipped,Gas,nan,23,16.6, Vilijampolė
"Žemaičių g., 2 rooms flat for rent",670.0,19.7,34.0,2,,Brick,Fully equipped,Central thermostat,13.94,23,10.7, Žaliakalnis
"Įkalnės aklg., 1 room flat for rent",570.0,16.8,34.0,1,2020.0,Brick,Fully equipped,Gas,nan,23,1.8, Žemutiniai Kaniūkai
"M. Riomerio g., 1 room flat for rent",390.0,13.0,30.0,1,1975.0,Brick,Fully equipped,Central,22.80,23,12.8, Gričiupis
"R. Kalantos g., 1 room flat for rent",300.0,9.4,32.0,1,1970.0,Brick,Fully equipped,Central,nan,23,1.7, Petrašiūnai
"Savanorių pr., 4 rooms flat for rent",480.0,5.0,96.0,4,1976.0,Brick,Partially equipped,Central,nan,23,13.3, Žaliakalnis
"Žemaičių g., 1 room flat for rent",400.0,16.0,25.0,1,1956.0,Brick,Fully equipped,Electric,nan,23,10.4, Centras
"Partizanų g., 1 room flat for rent",450.0,12.5,36.0,1,1980.0,Block house,Fully equipped,Central,nan,23,15.1, Dainava
"Kranto al., 2 rooms flat for rent",450.0,9.0,50.0,2,2000.0,Brick,Fully equipped,Central,nan,23,3.7, Žemieji Šančiai
"Laisvės al., 2 rooms flat for rent",520.0,23.6,22.0,2,,Brick,Fully equipped,Central,16.50,23,30.3, Centras
"Ukmergės g., 2 rooms flat for rent",490.0,13.6,36.0,2,1993.0,Block house,Fully equipped,Central,37.08,23,14.3, Eiguliai
"P. Lukšio g., 2 rooms flat for rent",450.0,9.2,49.0,2,,Brick,Fully equipped,Central,15.68,23,10.0, Eiguliai
"P. Dovydaičio g., 2 rooms flat for rent",450.0,10.0,45.0,2,1930.0,Log house,Fully equipped,Gas,nan,23,7.8, Žaliakalnis
"V. Krėvės pr., 1 room flat for rent",360.0,10.9,33.0,1,1978.0,Block house,Fully equipped,Central,nan,23,17.3, Dainava
"M. Daukšos g., 1 room flat for rent",400.0,8.0,50.0,1,1980.0,Brick,Fully equipped,Gas,nan,23,17.1, Senamiestis
"Bajorų g., 3 rooms flat for rent",750.0,13.6,55.19,3,,Block house,Fully equipped,Central,30.91,23,13.0, Vilijampolė
"Vytauto pr., 2 rooms flat for rent",700.0,15.6,45.0,2,2010.0,Brick,Fully equipped,Central thermostat,20.70,23,33.8, Centras
"S. Žukausko g., 3 rooms flat for rent",630.0,10.2,62.0,3,1979.0,Block house,Fully equipped,Central,74.40,23,19.8, Eiguliai
"S. Žukausko g., 2 rooms flat for rent",450.0,9.0,50.0,2,1975.0,Block house,Fully equipped,Central,45.00,23,14.9, Kalniečiai
"Kuršių g., 2 rooms flat for rent",360.0,7.1,51.0,2,1986.0,Block house,Fully equipped,Central,49.98,23,9.4, Šilainiai
"Taikos pr., 1 room flat for rent",390.0,11.1,35.0,1,1998.0,Brick,Fully equipped,Central thermostat,22.75,23,10.0, Dainava
"Rambyno g., 1 room flat for rent",380.0,20.0,19.0,1,,Brick,Fully equipped,Aerothermal,nan,23,6.7, Aukštieji Šančiai
"Radvilėnų pl., 2 rooms flat for rent",600.0,15.4,39.0,2,,Brick,Fully equipped,Aerothermal,nan,23,6.9, Žaliakalnis
"A. Mickevičiaus g., 1 room flat for rent",450.0,21.4,21.0,1,1920.0,Brick,Fully equipped,"Central, solid fuel",31.29,23,20.3, Centras
"Prancūzų g., 2 rooms flat for rent",500.0,10.0,50.0,2,1985.0,Brick,Fully equipped,Central,nan,23,4.6, Aukštieji Šančiai
"A. Juozapavičiaus pr., 2 rooms flat for rent",450.0,10.5,43.0,2,1956.0,Brick,Fully equipped,Central thermostat,31.82,23,6.7, Žemieji Šančiai
"Žeimenos g., 2 rooms flat for rent",450.0,9.2,49.0,2,1983.0,Block house,Fully equipped,Central,58.31,23,4.5, Eiguliai
"Raguvos g., 2 rooms flat for rent",650.0,15.9,41.0,2,1920.0,Brick,Fully equipped,Gas,nan,23,12.9, Senamiestis
"Sukilėlių pr., 2 rooms flat for rent",550.0,11.0,50.0,2,1980.0,Block house,Fully equipped,Central,50.00,23,14.2, Eiguliai
"Slėnio g., 2 rooms flat for rent",450.0,9.0,49.89,2,2004.0,Brick,Fully equipped,Central thermostat,nan,23,3.4, Gričiupis
"M. Daukšos g., 4 rooms flat for rent",2000.0,19.0,105.0,4,,Brick,Fully equipped,Gas,nan,23,15.4, Senamiestis
"A. Baranausko g., 2 rooms flat for rent",450.0,10.5,43.0,2,1990.0,Brick,Fully equipped,Central,57.62,23,7.8, Gričiupis
"Ašmenos 1-oji g., 2 rooms flat for rent",650.0,12.0,54.27,2,2007.0,Brick,Fully equipped,Central thermostat,22.25,23,1.6, Aukštieji Šančiai
"Neries krant., 3 rooms flat for rent",600.0,10.5,57.0,3,1970.0,Block house,Fully equipped,Central,nan,23,10.9, Vilijampolė
"Baltų pr., 4 rooms flat for rent",700.0,8.8,80.0,4,1989.0,Block house,Fully equipped,Central,88.00,23,11.0, Šilainiai
"J. Žemgulio g., 3 rooms flat for rent",800.0,15.1,52.84,3,2016.0,Block house,Fully equipped,Electric,22.72,23,14.6, Žaliakalnis
"V. Krėvės pr., 1 room flat for rent",400.0,12.1,33.0,1,1990.0,Block house,Fully equipped,Central,30.36,23,15.3, Dainava
"Sukilėlių pr., 2 rooms flat for rent",440.0,11.6,38.0,2,1986.0,Block house,Fully equipped,Central,44.08,23,11.8, Eiguliai
"Kęstučio g., 2 rooms flat for rent",750.0,16.7,45.0,2,2022.0,Brick,Fully equipped,Central thermostat,40.50,23,18.4, Centras
"A. Stulginskio g., 2 rooms flat for rent",400.0,7.8,51.0,2,1982.0,Brick,Fully equipped,Central,56.10,23,12.3, Vilijampolė
"Prancūzų g., 2 rooms flat for rent",550.0,10.2,54.0,2,1980.0,Brick,Fully equipped,Central,55.62,23,9.6, Aukštieji Šančiai
"Dusetų g., Room rent",240.0,13.3,18.0,1,1976.0,Brick,Fully equipped,Gas,nan,23,7.7, Žaliakalnis
"Kranto 9-oji g., 1 room flat for rent",260.0,5.2,50.0,1,1995.0,Wooden house,Fully equipped,Gas,nan,23,2.7, Žemieji Šančiai
"V. Krėvės pr., 2 rooms flat for rent",320.0,6.8,47.0,2,1975.0,Block house,Fully equipped,Central thermostat,nan,23,20.5, Dainava
"Garažų g., 1 room flat for rent",420.0,15.0,28.0,1,2021.0,Brick,Fully equipped,Other,12.88,23,7.4, Dainava
"Sukilėlių pr., Room rent",250.0,3.8,65.0,1,1978.0,Brick,Fully equipped,Central,80.60,23,8.3, Eiguliai
"Karaliaus Mindaugo pr., 3 rooms flat for rent",850.0,17.3,49.0,3,,Brick,Fully equipped,Electric,nan,23,12.3, Centras
"Kęstučio g., 2 rooms flat for rent",720.0,21.2,34.0,2,1925.0,Brick,Fully equipped,Central,52.36,23,26.2, Centras
"Prancūzų g., 3 rooms flat for rent",520.0,7.8,67.0,3,1980.0,Brick,Fully equipped,Central,54.27,23,3.1, Aukštieji Šančiai
"Pramonės pr., 2 rooms flat for rent",498.0,11.3,44.0,2,1980.0,Block house,Fully equipped,Central,44.44,23,13.3, Dainava
"Raudondvario pl., 2 rooms flat for rent",550.0,16.7,33.0,2,2022.0,Brick,Fully equipped,"Electric, aerothermal",nan,23,3.4, Vilijampolė
"Kumelių g., 2 rooms flat for rent",550.0,12.2,45.0,2,2014.0,Brick,Fully equipped,Other,51.30,23,15.6, Senamiestis
"Brastos g., 2 rooms flat for rent",800.0,19.0,42.0,2,2020.0,Brick,Fully equipped,Central thermostat,18.48,23,1.4, Vilijampolė
"Ryšių g., 3 rooms flat for rent",675.0,10.4,65.0,3,1976.0,Brick,Fully equipped,Central,72.80,23,11.7, Gričiupis
"Plento g., 1 room flat for rent",250.0,7.6,33.0,1,1978.0,Brick,Fully equipped,Central,31.02,23,1.6, Panemunė
"Brastos g., 2 rooms flat for rent",950.0,15.8,60.0,2,2018.0,Brick,Fully equipped,Central thermostat,20.40,23,2.0, Vilijampolė
"Europos pr., 2 rooms flat for rent",700.0,14.9,47.0,2,2023.0,Monolithic,Fully equipped,Central thermostat,17.39,23,3.6, Freda
"H. ir O. Minkovskių g., 2 rooms flat for rent",750.0,14.3,52.52,2,2023.0,Brick,Fully equipped,Central thermostat,22.06,23,1.0, Aleksotas
"Hipodromo g., Room rent",250.0,4.1,60.26,1,1972.0,Block house,Fully equipped,Central,57.25,23,3.2, Aukštieji Šančiai
"S. Žukausko g., 3 rooms flat for rent",1200.0,17.1,70.0,3,2018.0,Brick,Fully equipped,"Central, central thermostat",30.10,23,8.9, Eiguliai
"A. Baranausko g., 3 rooms flat for rent",750.0,11.5,65.19,3,1978.0,Brick,Fully equipped,Central,56.06,23,4.8, Gričiupis
"R. Kalantos g., 2 rooms flat for rent",400.0,11.0,36.47,2,1974.0,Brick,Fully equipped,Central,37.93,23,9.1, Petrašiūnai
"Muravos g., 1 room flat for rent",690.0,19.7,35.0,1,,Brick,Fully equipped,Central thermostat,18.90,23,8.8, Kalniečiai
"Sąjungos a., 1 room flat for rent",300.0,23.1,13.0,1,,Brick,Fully equipped,Central,7.93,23,10.0, Vilijampolė
"Šiaurės pr., 3 rooms flat for rent",500.0,8.1,61.49,3,1977.0,Block house,Fully equipped,Central,63.33,23,12.7, Kalniečiai
"Šiaurės pr., 1 room flat for rent",400.0,11.1,36.0,1,1986.0,Monolithic,Fully equipped,Central,51.84,23,14.6, Eiguliai
"Sukilėlių pr., 2 rooms flat for rent",430.0,8.4,51.0,2,1989.0,Block house,Fully equipped,Central,nan,23,9.8, Eiguliai
"Šv. Gertrūdos g., 2 rooms flat for rent",650.0,10.8,60.0,2,,Brick,Fully equipped,Central,nan,23,16.4, Senamiestis
"Kiškių g., 3 rooms flat for rent",1100.0,12.5,88.0,3,2008.0,Brick,Fully equipped,Gas,nan,23,0.1, Vičiūnai
"Laisvės al., 3 rooms flat for rent",1000.0,14.3,70.0,3,1980.0,Brick,Fully equipped,Central,86.10,23,27.3, Centras
"Vytauto pr., 2 rooms flat for rent",650.0,9.3,70.0,2,2010.0,Brick,Fully equipped,Central thermostat,30.10,23,14.9, Centras
"Kauko al., 2 rooms flat for rent",677.0,16.9,40.0,2,,Log house,Fully equipped,Central thermostat,nan,23,20.3, Žaliakalnis
"Taikos pr., 2 rooms flat for rent",550.0,15.3,36.0,2,2024.0,Block house,Fully equipped,Central,12.60,23,8.7, Dainava
"Antanavos g., 2 rooms flat for rent",550.0,10.6,52.0,2,1970.0,Brick,Fully equipped,Central,63.96,23,2.5, Aleksotas
"Pramonės pr., 1 room flat for rent",350.0,11.7,30.0,1,1970.0,Block house,Fully equipped,Central,24.00,23,10.1, Dainava
"Draugystės g., Room rent",265.0,13.3,20.0,1,1960.0,Monolithic,Fully equipped,Central,6.80,23,1.0, Petrašiūnai
"Minijos g., 3 rooms flat for rent",690.0,12.5,55.0,3,2022.0,Brick,Fully equipped,"Aerothermal, gas",nan,23,0.2, Vytėnai
"Partizanų g., 2 rooms flat for rent",599.0,15.0,40.0,2,2024.0,Brick,Fully equipped,Central thermostat,18.80,23,10.5, Dainava
"Linų g., 2 rooms flat for rent",350.0,10.0,35.0,2,1950.0,Log house,Fully equipped,Gas,nan,23,8.1, Žemieji Šančiai
"J. Basanavičiaus al., 1 room flat for rent",500.0,15.6,32.0,1,,Brick,Fully equipped,Central thermostat,nan,23,4.4, Žaliakalnis
"K. Baršausko g., 1 room flat for rent",260.0,21.7,12.0,1,1989.0,Brick,Fully equipped,Central,22.20,23,14.4, Aukštieji Šančiai
"Pramonės pr., 1 room flat for rent",350.0,19.4,18.0,1,1976.0,Brick,Fully equipped,Central,21.06,23,21.7, Dainava
"Biržiškų g., 3 rooms flat for rent",750.0,11.9,63.0,3,2013.0,Brick,Fully equipped,Central thermostat,37.80,23,10.3, Aukštieji Šančiai
"A. Mickevičiaus g., 2 rooms flat for rent",700.0,11.3,61.75,2,1978.0,Brick,Fully equipped,Central,66.69,23,34.9, Centras
"Sartų g., 2 rooms flat for rent",500.0,14.3,35.0,2,2000.0,Brick,Fully equipped,"Aerothermal, gas",nan,23,16.3, Dainava
"V. Putvinskio g., 2 rooms flat for rent",840.0,16.5,51.0,2,2020.0,Monolithic,Fully equipped,"Aerothermal, sun energy",nan,23,21.2, Centras
"Šiaurės pr., 2 rooms flat for rent",450.0,8.7,52.0,2,1980.0,Block house,Fully equipped,Central,nan,23,8.7, Eiguliai
"Pietų g., 2 rooms flat for rent",520.0,10.4,50.0,2,1994.0,Brick,Fully equipped,Central,32.50,23,13.3, Gričiupis
"Šiaurės pr., 1 room flat for rent",350.0,9.5,37.0,1,1979.0,Block house,Fully equipped,Central,34.41,23,12.5, Eiguliai
"A. Smetonos al., 1 room flat for rent",437.0,14.6,30.0,1,,Brick,Fully equipped,Central thermostat,43.80,23,3.0, Panemunė
"V. Krėvės pr., 1 room flat for rent",400.0,12.1,33.0,1,1971.0,Block house,Fully equipped,"Central, electric",35.97,23,20.8, Dainava
"Neries krant., 2 rooms flat for rent",490.0,10.9,44.85,2,1996.0,Block house,Fully equipped,Central,nan,23,10.9, Vilijampolė
"Kuršių g., 1 room flat for rent",400.0,10.6,37.88,1,1988.0,Block house,Fully equipped,Central,37.12,23,5.6, Šilainiai
"Sodų g., 1 room flat for rent",300.0,15.0,20.0,1,1957.0,Brick,Fully equipped,"Electric, other",nan,23,7.4, Žemieji Šančiai
"Taikos pr., 1 room flat for rent",550.0,20.0,27.47,1,2024.0,Brick,Fully equipped,Electric,nan,23,9.0, Dainava
"H. ir O. Minkovskių g., 2 rooms flat for rent",1100.0,20.0,55.0,2,2023.0,Brick,Fully equipped,Central thermostat,nan,23,1.2, Aleksotas
"Panerių g., 2 rooms flat for rent",530.0,13.3,40.0,2,,Brick,Fully equipped,Central,18.40,23,9.5, Vilijampolė
